,rom_setting,length,danger,fear,density,centralization,fraction_dirspeech,fraction_indirspeech,fraction_fid
00016-00,0.0,0.00828806985432489,0.0988114658587774,0.21861460471153638,0.5,0.7999999999999999,0.3456564942185595,0.3341331388676124,0.03584005416886852
00397-00,0.0,0.009677338414992478,0.0,0.0,0.0,0.0,0.3549647860034803,0.23632933202912365,0.15565230093199794
00762-00,0.041835052291844796,0.011618616726951943,0.0,0.0,0.0,0.0,0.3451575175459882,0.4482046825389997,0.0028455734995676543
00750-00,0.019808845722021892,0.1781314337859021,0.0,0.0,0.0,0.0,0.46235106566167233,0.21792239088951484,0.16736670770158138
00666-00,0.030687474110345392,0.2516609814944674,0.0,0.0,0.0,0.0,0.4171859111654583,0.40834345976433356,0.15878326960559938
00732-00,0.0,0.009294365142565103,0.148148148148127,0.29648119701883147,1.0,0.0,0.3236491418523004,0.2591396411242467,0.0026184231491446167
00353-00,0.0,0.0011542022072466467,0.453781512605025,0.3006686545585974,0.0,0.0,0.2897478717406268,0.11245147864076228,0.0
00100-00,0.0,0.007585511989044324,0.1646341463414061,0.30031170775417426,0.6476190476190476,0.46736842105263154,0.13554270892373543,0.2560300794551644,0.022206962639930126
00224-00,0.04726004392972876,0.04185105509136554,0.0882393747398632,0.31322962390538256,0.4857142857142857,0.64,0.3543022323311967,0.1007282392388432,0.19382356485479516
00751-00,0.041835052291844796,0.011695211381437417,0.0,0.0,0.0,0.0,0.41706372921758106,0.34336724918628364,0.0011945131779941517
00497-00,0.02431085611339051,0.01831008421450201,0.0,0.0,0.0,0.0,0.424268977048356,0.24640757621064602,0.048902102696108084
00475-00,0.03193067668624425,0.04373950950367985,0.0,0.0,0.0,0.0,0.4738347417027484,0.37505192883661514,0.049661848959745035
00712-00,0.011885307433213144,0.230549910001281,0.0,0.0,0.0,0.0,0.3745378715393268,0.09701761637827643,0.07976155188600778
00255-00,0.0,0.011063965780677809,0.0736565201052006,0.2135455180969234,0.6794871794871795,0.45454545454545453,0.2621519311966582,0.18557218877805623,0.27297392435972506
00306-00,0.07598413372709917,0.033906340584734164,0.1258092360811436,0.312862415943865,0.7818181818181819,0.3199999999999999,0.26739929597747764,0.1668026498528544,0.02593077683411967
00747-00,0.04114144880727624,0.0020548496961965475,0.0,0.0,0.0,0.0,0.17222299788315662,0.241413909752881,0.0
00199-00,0.09867426609959697,0.0237681136453377,0.1338112305853828,0.3713841891376865,0.8,0.2933333333333333,0.5819889112103909,0.30864378357334904,0.024514515098979926
00759-00,0.041835052291844796,0.005115994680633306,0.0,0.0,0.0,0.0,0.36678820387911126,0.1310124514466183,0.004435451741317816
00675-00,0.03269081005889758,0.7907262361782965,0.1253650943561048,0.3228738301982849,0.309666614737498,0.8326374027872018,0.5155144829199012,0.29894711773141597,0.01222905603390335
00465-00,0.3416076019725549,0.0361526769171444,0.0905134899912903,0.27039006736640026,0.6102418207681366,0.49369369369369365,0.40638078383073845,0.1617216522091254,0.047893106697132815
00696-00,0.037532549789094115,0.10261570745067898,0.0,0.0,0.0,0.0,0.2492530783501694,0.2687393932689293,0.16545762162937017
00225-00,0.15849281228589607,0.0012268350692587354,0.2621359223300059,0.5736941921564535,0.5,0.5,0.5033019739279547,0.30968399283532466,0.03985838318682396
00722-00,0.024661758091125537,0.0602047190230748,0.0436331255565452,0.2626335707925194,0.6584699453551912,0.42372881355932207,0.35057446158262584,0.12922798989756393,0.17200687762826158
00247-00,0.08605778368097007,0.020297583438650985,0.2149308755760202,0.3364608625274596,0.7187153931339978,0.3540069686411149,0.4604012107827132,0.11256865959920784,0.1916956516290949
00398-00,0.09551093568453184,0.026143868531878566,0.2368384303867855,0.24789956449685877,0.4861660079051383,0.6753246753246753,0.4427694510498279,0.21694401016170847,0.1926847669179836
00426-00,0.0,0.0010828899427256869,0.5360303413399307,0.3607701335363335,0.9,0.19999999999999993,0.2733794647586531,1.0,0.0
00027-00,0.11460832167741236,0.04814238153910356,0.0,0.0,0.0,0.0,0.3908327308892618,0.4668428536760855,0.03640624534943282
00492-00,0.0,0.025257747615331082,0.0,0.0,0.0,0.0,0.38464605866665497,0.32354578278839585,0.11610595557727336
00656-00,0.01933152413835871,0.10944847886977985,0.0,0.0,0.0,0.0,0.5246812495891856,0.25006665576212106,0.10647420229480145
00136-00,0.033427427155911946,0.02572391852969958,0.0,0.0,0.0,0.0,0.40042879355190203,0.26947164971905,0.03053430454070824
00653-00,0.05942653716606567,0.1024466709718145,0.0,0.0,0.0,0.0,0.4131302955801131,0.258033479203945,0.16126783965070637
00338-00,0.024025072123303633,0.05800460360285408,0.1307425817140861,0.4464546011107382,0.4227642276422764,0.7273170731707317,0.09139704488122513,0.3664424728975926,0.06712201401331433
00196-00,0.0,0.008355420326372464,0.0,0.0,0.0,0.0,0.5913875563489576,0.2534109099818555,0.005822954799127637
00768-00,0.041835052291844796,0.021857209075674202,0.2230187176423417,0.24592706071778783,0.4621848739495798,0.6844919786096256,0.44655267337276316,0.2509683157667466,0.02474768235591576
00735-00,0.13370970862364778,0.037401962143752326,0.0,0.0,0.0,0.0,0.5050163880037124,0.449718961665307,0.07711708752186534
00533-00,0.0,0.02728750595919618,0.0,0.0,0.0,0.0,0.16294865017082713,0.24194743350180697,0.36375503828092504
00758-00,0.041835052291844796,0.007415154912688697,0.0,0.0,0.0,0.0,0.3214418945993614,0.41327550308661826,0.05855186145446151
00548-00,0.05688324845370286,0.6919600704142582,0.1252028324876049,0.30691981770277,0.3535071095341105,0.7772905825079738,0.38614787126035055,0.2649461505445766,0.025589288397171794
00566-00,0.040145019375614474,0.08340365514973595,0.0791137026239093,0.21222573330407427,0.4310288867250892,0.7004995004995005,0.6126790787554993,0.2619600759038708,0.14763121498632684
00632-00,0.007179044758316662,0.23463847983381603,0.0,0.0,0.0,0.0,0.5349735673720739,0.42439364939394764,0.02295080053306906
00625-00,0.06872908332086661,0.031976947650194855,0.0978165938864634,0.24866256593260386,0.7352941176470589,0.36,0.4270037206090731,0.32039174910328505,0.2064558017575249
00261-00,0.0,0.006245105535548504,0.4231536926147133,0.47545947531460314,0.5238095238095238,0.7999999999999999,0.4086289500178607,0.09822022038158024,0.0044507385737992495
00098-00,0.0,0.015954138290328077,0.0,0.0,0.0,0.0,0.12330809034373928,0.38789724554105726,0.1204050271157524
00017-00,0.048621712226780994,0.041625232920382504,0.0,0.0,0.0,0.0,0.42767412704861774,0.3538411302795721,0.07792615020474469
00589-00,0.0,0.012500775851026038,0.0,0.0,0.0,0.0,0.23175313556178134,0.40704876199854434,0.07108993392393045
00185-00,0.08382612119876176,0.026442323564873693,0.2671806657274523,0.28858394108992563,0.5375375375375375,0.5866666666666667,0.319699697190464,0.3385883157692224,0.04923274160184325
00346-00,0.0,0.006293967642720273,0.5799392097264036,0.12249485243651295,0.8,0.39999999999999997,0.2617892545861448,0.15569056174006188,0.005989502044896885
00294-00,0.5348388344945909,0.00037504968748060377,0.0,0.0,0.0,0.0,0.07947595995811056,0.30806154583791895,0.0
00355-00,0.0,0.00014130393155079084,0.321839080459775,0.2990977629464837,0.0,0.0,0.25540840108792534,0.49060250363488067,0.0
00257-00,0.0,0.019091877929250312,0.0,0.0,0.0,0.0,0.4460599079256408,0.14839558784987222,0.0926287734614393
00277-00,0.0,0.011074530560606841,0.0,0.0,0.0,0.0,0.4368023251596713,0.387947962249656,0.01695974174698538
00698-00,0.009383137447273524,0.07265002977947342,0.0,0.0,0.0,0.0,0.4425148395290328,0.21204447408932844,0.05905361443767389
00026-00,0.0,0.03469209609195585,0.2806311553530187,0.3471704116417042,0.3908045977011494,0.7832512315270936,0.4663546732537846,0.3173492461624198,0.0407122932943966
00610-00,0.0,0.020675274321113848,0.0366492146596861,0.24707373942089356,0.7523809523809524,0.3428571428571428,0.5525581328458581,0.5265732030365591,0.10946706749146826
00095-00,0.07640554778494156,0.018720790034243096,0.0,0.0,0.0,0.0,0.16586058346824153,0.45992385211475695,0.07136621465593743
00214-00,0.0,0.0061671902835719,0.06283343212804,0.1518371034667375,0.4242424242424242,0.5672727272727273,0.3330617442308359,0.31445805340995353,0.0686351334418762
00263-00,0.24521745976844578,0.009679979609974737,0.2005943536404034,0.3967989582834039,0.421505376344086,0.7420689655172413,0.238360564896545,0.33352716636617413,0.0
00279-00,0.04011291258709433,0.04676235716087387,0.0,0.0,0.0,0.0,0.3376626647501727,0.2797498232362602,0.030546378404451683
00028-00,0.07131184459927879,0.07867063374153002,0.0,0.0,0.0,0.0,0.4232098822921671,0.3654504749301932,0.04704317183840478
00343-00,0.07007854144605319,0.02238148627965237,0.0811298076923135,0.24277876861042152,0.5928853754940712,0.535064935064935,0.3850767320409816,0.15142701698306194,0.053172598450275464
00597-00,0.0,0.017096455120154563,0.1684210526315619,0.37801290861562514,0.6888888888888889,0.4666666666666667,0.3446777212055414,0.2085210792918517,0.03011635033408283
00411-00,0.0,0.012576049908020385,0.0,0.0,0.0,0.0,0.31279705085034726,0.28643662166769956,0.09808379090458683
00553-00,0.15804859279834244,0.04750849474336169,0.0598669623059909,0.2635446717370399,0.3747747747747748,0.7708256201406887,0.29841740671614747,0.2587785650080749,0.17064557892393103
00139-00,0.0,0.03656470333437661,0.0,0.0,0.0,0.0,0.43652814682737684,0.32061877624513335,0.11864096514819325
00530-00,0.0,0.009015719071936906,0.0,0.0,0.0,0.0,0.19770716111723607,0.3406323737612081,0.027386644389541186
00014-00,0.0356559222996394,0.0234617350273958,0.0,0.0,0.0,0.0,0.4440643171814151,0.1816483274673108,0.036142261527996815
00422-00,0.019101386946235394,0.018567600725272145,0.0,0.0,0.0,0.0,0.17045960874229044,0.5708696279754003,0.059890548219296236
00478-00,0.0,0.02285690137645877,0.0,0.0,0.0,0.0,0.258076665027894,0.20096760026548716,0.056799782539325806
00332-00,0.02228495143727463,0.027000936303621215,0.0678733031674256,0.16800376983805138,0.5978835978835979,0.5196581196581196,0.24824626640227673,0.14926825544509706,0.01124802583881135
00064-00,0.0,0.01757847320441661,0.0,0.0,0.0,0.0,0.5367354388758382,0.020577669115963062,0.0
00664-00,0.03488079355399507,0.16306473700961263,0.0,0.0,0.0,0.0,0.46970761861885213,0.2264197524836799,0.12461256574814261
00044-00,0.0,0.00871726403894178,0.0,0.0,0.0,0.0,0.41573387445137744,0.435105127032763,0.008060121981534456
00031-00,0.13370970862364778,0.011378267983566484,0.0,0.0,0.0,0.0,0.4699939029946989,0.2525049162182212,0.00876201782472472
00442-00,0.10696776689891821,0.020926187844428335,0.061265774010213,0.3206628528339094,0.7222222222222222,0.4285714285714285,0.6814323733240004,0.18032343802576944,0.1304663483592661
00246-00,0.0,0.031134406450854628,0.0,0.0,0.0,0.0,0.4078115422789613,0.13266472851870356,0.19747865255021083
00486-00,0.1002822814677358,0.02279615389186684,0.0,0.0,0.0,0.0,0.2585284195287515,0.3521534431992068,0.03137310785604215
00303-00,0.04114144880727624,0.009389448161926382,0.0,0.0,0.0,0.0,0.4683057914753291,0.2720058073602831,0.04514312089370306
00636-00,0.0,0.10621169441902295,0.0,0.0,0.0,0.0,0.5384591719783179,0.38340658922547455,0.03715846466767945
00499-00,0.0,0.022847657194020866,0.080645161290323,0.3137145293427808,0.5008403361344538,0.6352941176470588,0.5715395697650314,0.22476990701805705,0.059179891363554435
00376-00,0.0,0.0029885121224246703,0.1250000000000089,0.3669313354573208,1.0,0.0,0.4209875782189705,0.48359266772214526,0.011687176873224854
00141-00,0.06685485431182386,0.03063257940422565,0.0,0.0,0.0,0.0,0.5959510397165143,0.20664731005031434,0.033981947725180026
00595-00,0.5,0.007333277868238707,0.0960548885077192,0.5396970311760331,0.4476190476190476,0.7648351648351648,0.18528549243867584,0.33709977853464623,0.006395454246601474
00300-00,0.0,0.01049346766451013,0.0,0.0,0.0,0.0,0.3277255172933623,0.431231318183887,0.1214146408639288
00635-00,0.032414474817854005,0.03370164797360918,0.0,0.0,0.0,0.0,0.516135902698317,0.26125406797008693,0.024741358519776976
00409-00,0.048621712226780994,0.02846151712880976,0.0,0.0,0.0,0.0,0.36815367240517577,0.3416196175173871,0.15766316731017058
00470-00,0.33605640319322605,0.03951887992203193,0.0598717034925163,0.3443954582729783,0.4524390243902439,0.6907692307692307,0.29922918131461623,0.2967269002164124,0.033626813850987224
00539-00,0.12969021910517897,0.12787345506601006,0.0844453296156172,0.3022389298280554,0.5397435897435897,0.5813765182186235,0.2739937899201404,0.20655197946729165,0.013185028571360693
00363-00,0.0,0.0009257388412813494,0.0780141843971199,0.8131720430107525,0.0,0.0,0.22372482728208146,0.25425191534329383,0.0
00366-00,0.0,0.038226014978216746,0.0,0.0,0.0,0.0,0.42986990042728573,0.30922620566134323,0.010722574204995953
00450-00,0.048621712226780994,0.016342393952719973,0.0,0.0,0.0,0.0,0.31970455558847044,0.17464916698639138,0.029521489759215855
00456-00,0.01725286562885777,0.03563764389560413,0.0,0.0,0.0,0.0,0.3954464193228025,0.42765490274481177,0.022789773470865995
00680-00,0.053483883449459105,0.07819125685225023,0.0,0.0,0.0,0.0,0.4908234406507103,0.2738129662061888,0.04453156856313346
00633-00,0.07443173605333692,0.0674191431171119,0.0555776101627222,0.33353289195661356,0.5439024390243903,0.5753846153846154,0.3854642149632056,0.35153027653319247,0.12696954823853449
00676-00,0.022921664335482476,0.1663543453600147,0.0,0.0,0.0,0.0,0.3668148006243093,0.1883360948359083,0.1014638522261341
00159-00,0.06062788947132373,0.045355920832821604,0.0970695970696003,0.3591035980148881,0.6838235294117647,0.42999999999999994,0.4368217129512785,0.2890261426386069,0.03761988443946783
00025-00,0.07640554778494156,0.06272045724367532,0.0,0.0,0.0,0.0,0.5494784160313091,0.3653412481333329,0.03712304106304537
00581-00,0.0,0.006844656796521019,0.0,0.0,0.0,0.0,0.06565288385252951,0.751483788130882,0.015422098602139877
00119-00,0.04114144880727624,0.034303840429563956,0.0,0.0,0.0,0.0,0.2107074904097227,0.28204605706779057,0.034698108455753024
00745-00,0.05942653716606567,0.0028221168385424303,0.0392156862745108,0.14577874160416843,0.0,0.0,0.5751890546903675,0.5927101221482753,0.0
00514-00,0.048621712226780994,0.0419910384254252,0.0,0.0,0.0,0.0,0.6468273681862196,0.31750006073063236,0.050867657349663885
00118-00,0.14451059669736713,0.03446627392097281,0.1188475390156147,0.38496868281362684,0.6561264822134387,0.4519480519480519,0.38829913096902685,0.4151165294932539,0.03327408003906414
00559-00,0.026603440632697248,0.12469213570988058,0.0351231267414726,0.2670850786848877,0.6005398110661269,0.5052631578947367,0.38940155940790955,0.3909537336723982,0.04457355284951868
00520-00,0.0,0.018234810157507664,0.0,0.0,0.0,0.0,0.3491900055697545,0.1480761571028763,0.044610139001348234
00545-00,0.0637639155036427,0.12561391275868855,0.0374149659863958,0.20650770705928895,0.4174406604747162,0.7083304287208085,0.5687388098992914,0.28762435736276,0.04894920405915666
00369-00,0.0,0.011388832763495517,0.0,0.0,0.0,0.0,0.18412712636592413,0.08713284611935788,0.003817803509762353
00183-00,0.30362006475030046,0.012278915472516385,0.1505376344085189,0.34497148032527813,0.6388888888888888,0.5571428571428572,0.4720586116986153,0.3427237693455254,0.015414460538777701
00336-00,0.0,0.010708725055564139,0.0972774548791712,0.25585027591658754,0.5,1.0,0.051273656361443445,0.2544822557957103,0.08791743341115274
00649-00,0.0356559222996394,0.12076996116122779,0.0,0.0,0.0,0.0,0.6986222371923951,0.31412420348151576,0.02429247233565781
00024-00,0.0,0.009586217188104587,0.0,0.0,0.0,0.0,0.2991535183348267,0.35233125322638986,0.012443130500399878
00587-00,0.0,0.008162613092667647,0.0,0.0,0.0,0.0,0.25876069937137886,0.2992305844708333,0.03635045483754511
00552-00,0.0,0.05183741331928218,0.320353365105005,0.3141824467056098,0.4412580943570768,0.7002898550724637,0.5790256123479178,0.35827328304423983,0.10221827981814642
00727-00,0.23567388910271742,0.05547830060232452,0.0608412618928435,0.29909963511575577,0.4216956682710107,0.7132420091324201,0.35984666378166097,0.20706357767952055,0.1770391034484023
00384-00,0.048621712226780994,0.006801077079313766,0.0,0.0,0.0,0.0,0.5339815216512293,0.20077293154567644,0.16782643896615335
00557-00,0.12751706002543117,0.352776490195224,0.0364846913806004,0.2730920890445475,0.4021813224267212,0.7262939958592133,0.21858345675019614,0.3111471423017226,0.0146866378625115
00320-00,0.0,0.008043759318466046,0.0,0.0,0.0,0.0,0.05877802774662993,0.1154289975566172,0.06740048937342394
00519-00,0.2674194172472955,0.006777306324473446,0.0,0.0,0.0,0.0,0.41074196910307625,0.3335151764474411,0.0049292854839450015
00616-00,0.07323486287975811,0.04228421106845582,0.0394579945799468,0.25570183873881747,0.5680672268907563,0.5497326203208556,0.3705451513947423,0.26335908456556206,0.1718764858115511
00186-00,0.16045165034837727,0.04134130445978979,0.0,0.0,0.0,0.0,0.376110574970517,0.3199503487152036,0.04898001522434886
00301-00,0.0,0.022575614110848314,0.0,0.0,0.0,0.0,0.582672703158258,0.4158125172787045,0.026613545867550038
00198-00,0.07131184459927879,0.02745654243806068,0.0,0.0,0.0,0.0,0.417713508863944,0.3575438784530711,0.09059013841788155
00128-00,0.0,0.004405513230405965,0.0,0.0,0.0,0.0,0.1811080153592636,0.28276932780601516,0.021931353767387352
00508-00,0.02431085611339051,0.029875877041808798,0.0,0.0,0.0,0.0,0.3791553284728168,0.41145732915920535,0.03374827561040703
00360-00,0.0,0.0006431309781797677,0.1111111111110773,0.13142174432496972,0.0,0.0,0.19224175694226175,0.4641451917273414,0.0
00484-00,0.3787465188153674,0.008219398784786188,0.1234756097561063,0.364770467261124,0.5818181818181818,0.6133333333333333,0.211198374169034,0.28691095299996483,0.2572698539724714
00403-00,0.0,0.018768331543923735,0.0,0.0,0.0,0.0,0.2531813055573877,0.21679721015093198,0.014031317776078113
00561-00,0.07847690806046521,0.13026901891491788,0.0432829726418961,0.2770673166283944,0.4273769708552317,0.7024175824175825,0.30002506886747915,0.2316921201293362,0.197024512874922
00588-00,0.0891398057490985,0.006647887770342815,0.0,0.0,0.0,0.0,0.34651165742882506,0.6427293928905659,0.06667067485064933
00061-00,0.0,0.003515430521385096,0.0,0.0,0.0,0.0,0.3663461939277482,0.11121392800039441,0.0386844212692397
00270-00,0.0,0.010242554141195643,0.0,0.0,0.0,0.0,0.07632877512439344,0.3691406369069511,0.06480402148320215
00459-00,0.0,0.02295858738327569,0.1180722891565847,0.2902599645895409,0.75,0.33999999999999997,0.5835619620714433,0.3984722491386335,0.02264499725385516
00549-00,0.09192011100051513,0.256185348499075,0.044138585666828,0.28705806459173316,0.4498797113071371,0.6756771545827632,0.3992992366294029,0.4139220748922066,0.038361550709079845
00307-00,0.07932617042198181,0.030672197328959518,0.1117038793387378,0.289727687800235,0.8455882352941176,0.21,0.37376061690691176,0.19262551865151978,0.13473839592595757
00578-00,0.5068049164275568,0.04183388732398086,0.0794451450189159,0.35760428389989474,0.4166666666666667,0.7254545454545454,0.32785168706413836,0.34447984091371536,0.05207165538161598
00404-00,0.16518442627538532,0.028287198259980748,0.2077031412650469,0.22525760208447568,0.6198830409356725,0.5098039215686273,0.297082607204261,0.18766302337026333,0.018284973100880522
00438-00,0.10118572544492262,0.0378351181208426,0.0,0.0,0.0,0.0,0.4483621520388749,0.46378598653255815,0.07688306734688162
00741-00,0.0,0.0018963779972610807,0.2276422764227642,0.30807981466911405,0.0,0.0,0.0,0.09395376506324393,0.0
00265-00,0.0891398057490985,0.00566932502941631,0.0,0.0,0.0,0.0,0.3074192514425335,0.1629734280350677,0.012908160465658566
00433-00,0.07640554778494156,0.0088691327504216,0.0,0.0,0.0,0.0,0.5145946211777273,0.21060829013198087,0.04545492407520009
00739-04,0.053483883449459105,0.003502224546473807,0.0,0.0,0.0,0.0,0.1884507184449498,0.2573223064153115,0.0
00611-00,0.1522094386002195,0.07354671547594994,0.0435061437036671,0.27899097088272157,0.5844155844155844,0.5485714285714285,0.1628890362311682,0.4230827689498475,0.14961817839613203
00065-00,0.0,0.0009957305083111803,0.2680151706699653,0.18806102705617356,0.7,0.6,0.3146746909302645,0.3319213165838931,0.0
00299-00,0.07640554778494156,0.011115469082831836,0.0,0.0,0.0,0.0,0.5316485378278002,0.38461270172330203,0.009474652769311295
00416-00,0.0,0.006713917644899259,0.0600907029478478,0.18199564772145396,0.0,0.0,0.3004223511523577,0.05926356955907999,0.04493495576317079
00067-00,0.0,0.0014262452904191974,0.0,0.0,0.0,0.0,0.4628298463824091,0.0,0.019371997821691873
00655-00,0.02674194172472956,0.12129687956018821,0.0,0.0,0.0,0.0,0.32101444866863066,0.18712234000412664,0.16807044412000977
00349-00,0.0,0.010235951153739998,0.1060209424083845,0.28524883184146776,0.0,0.0,0.506438742654984,0.4264087645473337,0.045455506479700904
00496-00,0.06976158710799012,0.03206806887708275,0.0,0.0,0.0,0.0,0.29244973409591973,0.2563826095445367,0.24531937681857258
00069-00,0.02674194172472956,0.011433733078193899,0.0,0.0,0.0,0.0,0.5130516761112259,0.019075817722515626,0.015112082181528451
00260-00,0.053483883449459105,0.011709737953839835,0.0,0.0,0.0,0.0,0.30345433652158943,0.5046405537203082,0.013732758555606513
00415-00,0.0,0.009113443286280444,0.0,0.0,0.0,0.0,0.3785644256293086,0.23614733505466606,0.015428068831936155
00393-00,0.0,0.027350894638770367,0.0,0.0,0.0,0.0,0.5110689409384606,0.2866628508966744,0.07270450869504673
00717-00,0.11699599504569178,0.02739447435597762,0.0,0.0,0.0,0.0,0.5937490693022386,0.3795567556646346,0.08836364752943672
00099-00,0.0,0.011662196444159195,0.0,0.0,0.0,0.0,0.19272902167815206,0.2032899640317558,0.15108053197700966
00165-00,0.5988708741290568,0.003256593413123834,0.4821428571428683,0.3349494367639524,0.7,0.6,0.3576505561764429,0.1298054690631069,0.01092369295688352
00428-00,0.05093703185662771,0.013501788749301734,0.0,0.0,0.0,0.0,0.19911527979743934,0.3402318818116351,0.042438515775894
00313-00,0.0,0.04473524001199103,0.0,0.0,0.0,0.0,0.22139547336348867,0.930300721323311,0.02232162590315538
00311-00,0.0,0.006849939186485534,0.0,0.0,0.0,0.0,0.1006124281015983,0.5228660596262703,0.03749688412490754
00200-00,0.0,0.01799182021913995,0.0493654674583786,0.3282732018239549,0.673202614379085,0.4411764705882352,0.6597049316158022,0.25865458809702335,0.008264949022016937
00713-00,0.37209676379211737,0.04975086928329854,0.071025930101466,0.3531690830918923,0.5476190476190477,0.5747899159663865,0.4553558051810624,0.40797762408533683,0.05003114468266438
00628-00,0.009550693473117697,0.35513903910685357,0.0,0.0,0.0,0.0,0.464776520456047,0.2846897532983567,0.05909913083364307
00122-00,0.33333333333333326,0.006043054119405785,0.3648881239242341,0.1885427012710339,0.8214285714285714,0.2857142857142858,0.0430393326442194,0.41805433829973704,0.003097705590908111
00395-00,0.04456990287454925,0.03262404042084801,0.0,0.0,0.0,0.0,0.33140952679343205,0.2715586213749541,0.078275377508191
00776-00,0.041835052291844796,0.002546111962896493,0.9449999999999594,0.9893593189964159,0.0,0.0,0.6720711745407617,0.418565966288405,0.06970147970885335
00518-00,0.0,0.005726110721534851,0.0,0.0,0.0,0.0,0.3567481262414537,0.2511934234236312,0.014715557792988871
00023-00,0.0356559222996394,0.05347759540326426,0.0,0.0,0.0,0.0,0.39891067621033116,0.3789584248284604,0.03845927626593336
00437-00,0.07377087372339185,0.023581909399088528,0.0,0.0,0.0,0.0,0.36431403827235975,0.5015156641376554,0.1992192020516379
00765-00,0.041835052291844796,0.019771985637181688,0.0574555403556775,0.31028835640282604,0.7333333333333333,0.47999999999999987,0.34652255856789843,0.3341706408333093,0.08090853568197962
00540-00,0.10516845739450453,0.05808516004981294,0.0255560814008536,0.2508916046254029,0.6166666666666667,0.5257142857142857,0.4372186390794562,0.4179923955252946,0.15096383618225853
00629-00,0.013044849621819302,0.07394157412579748,0.0,0.0,0.0,0.0,0.2702828532654014,0.3871872009906005,0.07857642843829586
00690-00,0.0,0.04123697725799061,0.0992978936810502,0.2864453575781103,0.4901477832512315,0.6571428571428571,0.2879343657354076,0.3204005954641894,0.253657054281951
00564-00,0.11162358544161989,0.18585957030398834,0.0696823305518962,0.34091086177341373,0.5221656976744186,0.5824311023622046,0.4915917390200022,0.3592421759917223,0.08233812192307742
00189-00,0.0,0.006449798146673481,0.0,0.0,0.0,0.0,0.03414626882971737,0.31401804919692977,0.045226026194955866
00330-00,0.3298240072062665,0.03496281857763727,0.0312151616499444,0.26652461610385886,0.5238095238095238,0.6593406593406593,0.2934384782429793,0.33752984603643443,0.021370794799089973
00158-00,0.13370970862364778,0.012725277424517949,0.0,0.0,0.0,0.0,0.2777679574146666,0.27373044327237794,0.04231362625595856
00086-00,0.13952317421598026,0.011578998802218075,0.0,0.0,0.0,0.0,0.28092996731400205,0.15933058480875129,0.0
00441-00,0.0,0.04314656123016298,0.0,0.0,0.0,0.0,0.4739992014897094,0.1612255077077452,0.2528481437204619
00594-00,0.0,0.008622181019580498,0.0,0.0,0.0,0.0,0.2845784335885156,0.48785008829166293,0.17287017300337792
00030-00,0.04150648720196094,0.024666119939305342,0.0903711672942447,0.3676698267268982,0.4861538461538461,0.6679999999999999,0.37076450811552997,0.32476776867931534,0.034291273741839726
00356-00,0.0,0.002340098754280387,0.0,0.0,0.0,0.0,0.3853883494600001,0.10816597255161535,0.0
00104-00,0.056484034187941304,0.03766872283696036,0.1074031453778226,0.33691378189132326,0.6783625730994152,0.43137254901960775,0.33781484390468264,0.3706742636624382,0.021676307753255172
00287-00,0.19448684890712398,0.021225963474914594,0.0,0.0,0.0,0.0,0.4893197768654215,0.4464424210803498,0.02294936549651441
00701-00,0.013713816269092086,0.09199018003705596,0.0,0.0,0.0,0.0,0.3218356010212813,0.3413514335858029,0.21912936880729608
00481-00,0.0,0.006338867957418655,0.162790697674389,0.20739038926398257,0.4761904761904761,0.8799999999999999,0.09893398810395071,0.5363639606220573,0.11259717761371354
00319-00,0.0,0.035265235403105784,0.1434818825489427,0.3207643656540953,0.7272727272727273,0.39999999999999997,0.3584629036635504,0.3272181723101966,0.02492498655026858
00419-00,0.28524737839711517,0.02310385310729987,0.0,0.0,0.0,0.0,0.30312441592780587,0.23698590366455788,0.13702421611456125
00149-00,0.05093703185662771,0.030283941666567626,0.0,0.0,0.0,0.0,0.36026495734149894,0.5074751555914739,0.0030463551460372888
00194-00,0.04114144880727624,0.007358369220570155,0.0,0.0,0.0,0.0,0.42849600559202966,0.21523383196732282,0.05832340934809766
00526-00,0.05942653716606567,0.004326277380938232,0.1741424802110813,0.3201194427894568,0.0,0.0,0.13318961081600925,0.3429711374427302,0.06770988379906115
00490-00,0.041948143881928704,0.03324604183916972,0.0,0.0,0.0,0.0,0.2553099506233993,0.21297385866604304,0.14509128816715422
00374-00,0.0,0.005139765435473626,0.0676691729323356,0.23369355287861204,0.0,0.0,0.21856052788892538,0.6525510952412262,0.024193323271779088
00127-00,0.13370970862364778,0.008035835733519273,0.0,0.0,0.0,0.0,0.4046055406287442,0.45447321644388816,0.008156903934033156
00746-00,0.10299537684588202,0.06926269721472783,0.0503084954912214,0.23589693719726165,0.6451612903225806,0.4541935483870967,0.43797099241178017,0.20816572983939258,0.13080142962247082
00418-00,0.0,0.016371447097524805,0.0,0.0,0.0,0.0,0.2858349371990547,0.607435676191888,0.09315727686973822
00576-00,0.13233616051707925,0.05685832498055421,0.0741418764302112,0.23892743780910874,0.4307692307692308,0.7044230769230769,0.4206450349223895,0.24747742410314102,0.030278557792066837
00057-00,0.0,0.0007223668276475008,0.0,0.0,0.0,0.0,0.6226415828062161,0.0,0.0
00638-00,0.1407470617091029,0.0444182966141201,0.0,0.0,0.0,0.0,0.43813093619240573,0.58596966656076,0.0173116201669614
00314-00,0.11460832167741236,0.019043015822078544,0.0,0.0,0.0,0.0,0.21121609287228188,0.9269250252435125,0.03071512385448081
00704-00,0.04114144880727624,0.08084433721192817,0.0,0.0,0.0,0.0,0.3926977752493384,0.2531799206605468,0.25209572906650746
00385-00,0.01782796114981971,0.025595820573060077,0.0,0.0,0.0,0.0,0.4811622841393182,0.37635203121210853,0.0628550103845357
00652-00,0.02332630430817531,0.22148136702969892,0.0,0.0,0.0,0.0,0.2727706522402823,0.270020772972707,0.09667575503679933
00318-00,0.05939703002035457,0.02240261583951043,0.0637087599544916,0.23800006931956685,0.5441176470588235,0.62,0.42694091441395127,0.2909969629187776,0.04014878359988303
00088-00,0.01782796114981971,0.032814206459570575,0.0,0.0,0.0,0.0,0.30357625051345793,0.37775525779549135,0.023353560904058688
00402-00,0.24774374527921067,0.04087777474040355,0.0477994227994243,0.2423088410991633,0.4835164835164835,0.7230769230769231,0.37667955613819837,0.15819112559249257,0.031161542013787815
00646-00,0.11460832167741236,0.06529166055890327,0.0,0.0,0.0,0.0,0.39294413014306917,0.36487156247924385,0.0083413481096003
00502-00,0.0,0.031554356453033616,0.0598802395209584,0.21935008630971511,0.5989304812834224,0.5113636363636362,0.4531150579794444,0.3307374177414827,0.025663619827659925
00477-00,0.33194486888977065,0.010938509019020565,0.07676987144668,0.2557352213000435,0.5367965367965368,0.6114285714285713,0.6643380351764911,0.2979154527975356,0.004510414766125899
00252-00,0.0,0.007923584946773319,0.3630136986301426,0.2582471031570672,1.0,0.0,0.3667830767630295,0.23643553192572256,0.25192392185899637
00235-00,0.0,0.008112430388004748,0.0,0.0,0.0,0.0,0.4988499941835628,0.557876645729207,0.03415910704642413
00400-00,0.0,0.015592294577758762,0.2146020498544716,0.33583261109047563,0.8666666666666667,0.20000000000000004,0.24973717901291106,0.19202662284221836,0.4154227750721996
00489-00,0.030562219113976635,0.005377472983876826,0.0,0.0,0.0,0.0,0.1229866077075626,0.1864098519245911,0.01722515767369142
00285-00,0.08247338206038424,0.025752971674504417,0.1194029850745347,0.3267714805389331,0.5512820512820513,0.6363636363636364,0.5578740015231538,0.31942799876333156,0.01546337303469717
00049-00,0.0,0.010966241566334273,0.1804869742891257,0.19578158842451945,0.4967320261437908,0.6794117647058823,0.34848034746906165,0.18207301423534578,0.059562485055482985
00304-00,0.0,0.010299339833314184,0.0683760683760687,0.22452418151342873,0.4940711462450592,0.6649350649350649,0.44163559980111505,0.33180968840478037,0.012654223940905615
00542-00,0.048621712226780994,0.030282621069076497,0.0,0.0,0.0,0.0,0.3519612508820164,0.5573356164891891,0.04765355435518438
00047-00,0.0,0.021043721021138807,0.0,0.0,0.0,0.0,0.2820484873419303,0.2173510177712759,0.035390567641615404
00266-00,0.0,0.0033120585077512474,0.0,0.0,0.0,0.0,0.12045637740943295,0.3659974733816506,0.09856087700644192
00463-00,0.0,0.02482327104074968,0.0,0.0,0.0,0.0,0.3672193494897574,0.2803332388378958,0.0943924930465753
00130-00,0.0,0.009838451308910203,0.0693196405648316,0.19221062753921248,0.782051282051282,0.309090909090909,0.1565796435728306,0.513623047516454,0.10779652375800067
00146-00,0.0,0.015098391116076557,0.0,0.0,0.0,0.0,0.45265700160105093,0.5728729027719369,0.024138025777884396
00272-00,0.023253862369330046,0.021138804040500087,0.0,0.0,0.0,0.0,0.13508446942609242,0.36255529393998726,0.019893956362754355
00726-00,0.0,0.09123876006460363,0.0,0.0,0.0,0.0,0.3866711860904238,0.23718996043467724,0.02630473642512765
00506-00,0.07640554778494156,0.026686634100732538,0.0625414853602794,0.24757597289530597,0.5333333333333333,0.64,0.28758561874238436,0.1308301447642925,0.20429107866406954
00222-00,0.0,0.004260247506381788,0.080459770114943,0.36140979689366753,0.0,0.0,0.043272573978197025,0.28735419623580083,0.34400989349523087
00242-00,0.033427427155911946,0.027795935993280802,0.0,0.0,0.0,0.0,0.30833016165612886,0.5262271034963623,0.06577900693336257
00217-00,0.0,0.015863017063440184,0.0,0.0,0.0,0.0,0.3319685190958064,0.4183174257044253,0.015594503196568804
00163-00,0.0891398057490985,0.010986050528701205,0.0,0.0,0.0,0.0,0.5093695877109132,0.6633390631405578,0.0055216087689444445
00135-00,0.04011291258709433,0.05001102698905093,0.0,0.0,0.0,0.0,0.37423052888014546,0.3406667787548542,0.02146833109565532
00671-00,0.0443524887141856,0.27922053053683615,0.0,0.0,0.0,0.0,0.511739302422406,0.19158569044470136,0.046495197609506746
00763-00,0.041835052291844796,0.004480787287400312,0.1593984962406068,0.2924566119600076,0.6,0.72,0.49309358608093296,0.21094331206172243,0.0426340161852254
00640-00,0.03146110791144653,0.08273015042926021,0.0,0.0,0.0,0.0,0.4724088501427496,0.3205000390248551,0.06587405811602165
00670-00,0.012295145620565315,0.35788059949843715,0.0,0.0,0.0,0.0,0.46161823400164914,0.41699706398855463,0.12627264273273145
00316-00,0.0,0.014931995832194319,0.0,0.0,0.0,0.0,0.21770589947311864,0.6004206158848997,0.0
00448-00,0.0,0.018864735160776143,0.0,0.0,0.0,0.0,0.18695237638903214,0.36121787172711967,0.0639664484882134
00359-00,0.0,0.0004437207570193058,0.1637426900584762,0.18070489844683377,0.0,0.0,0.6106173857398164,0.0,0.0
00754-00,0.041835052291844796,0.009838451308910203,0.0,0.0,0.0,0.0,0.16027367097052686,0.2965177314222075,0.0861062940750282
00654-00,0.045325324957168726,0.08245810734608766,0.0,0.0,0.0,0.0,0.30038102593109167,0.24632041118798617,0.11685347034979703
00668-00,0.01782796114981971,0.1170670057961024,0.0,0.0,0.0,0.0,0.3996641385345824,0.2370214021962258,0.22317761754974813
00446-00,0.04456990287454925,0.009102878506351414,0.0,0.0,0.0,0.0,0.08531410286343889,0.3913693342534523,0.02149631543554867
00234-00,0.0,0.062477467305307614,0.0,0.0,0.0,0.0,0.31027863489251417,0.2739183865509977,0.27157763324280965
00121-00,0.0,0.026639092591051898,0.1177287241427222,0.2563586110327383,0.4833333333333333,0.7085714285714285,0.5327578932533772,0.3291494043393341,0.005673360702074224
00367-00,0.006551565711343792,0.028423219801567024,0.0680883864337124,0.33019270067816725,0.4509803921568627,0.7000000000000001,0.45077276932657806,0.34619881908863825,0.02760452982177819
00113-00,0.11959589731090552,0.004322315588464846,0.2007168458781075,0.23404198944001212,0.5714285714285714,0.6857142857142856,0.007738368353338676,0.09738379632467707,0.0
00493-00,0.07131184459927879,0.031621706925081185,0.0,0.0,0.0,0.0,0.812730967877005,0.17612969861098018,0.2191072388212224
00567-00,0.03340283325308442,0.09302288727511876,0.0641325536061968,0.2480729526923638,0.4363858363858364,0.6915355805243446,0.45164392337453313,0.21846095473219196,0.03293738151481544
00368-00,0.0,0.001547740259603055,0.0,0.0,0.0,0.0,0.26883289170911784,0.09444291261689738,0.024424886499099227
00203-00,0.0,0.0026451567747311595,1.0,0.19025157232704384,0.0,0.0,0.05194848930698482,0.06283595130011935,0.01514267344100521
00150-00,0.08706678701074738,0.04609545542785378,0.0,0.0,0.0,0.0,0.4458740531431188,0.19927377586962303,0.12987200603122873
00577-00,0.20896884658529796,0.1846868797318659,0.0749311294765844,0.25558115719406027,0.351937984496124,0.7898255813953489,0.550180013271351,0.18542084970756859,0.05178315909225329
00221-00,0.0,0.025039849029294816,0.0,0.0,0.0,0.0,0.1105681046124557,0.34406191757273336,0.2612711421546882
00546-00,0.04750382200323554,0.16486999377998582,0.0200049394912338,0.22985091824669882,0.4397171342453049,0.678289345444622,0.5772488107571755,0.24235595565874735,0.048300445356665334
00479-00,0.04456990287454925,0.01956993422103897,0.0,0.0,0.0,0.0,0.18121517196830444,0.13767593968845027,0.06578567754963943
00775-00,0.041835052291844796,0.006954266388284717,0.0,0.0,0.0,0.0,0.4389537750471218,0.28420664096160986,0.10144690543182529
00105-00,0.0,0.0050750561584083104,0.0,0.0,0.0,0.0,0.37729983364248587,0.36801960431172237,0.03168166622723097
00591-00,0.0,0.004542855369483369,0.0,0.0,0.0,0.0,0.1902135248441625,0.7448157630855746,0.0
00637-00,0.048621712226780994,0.06599818021665722,0.0,0.0,0.0,0.0,0.3891300070990906,0.2750369733687348,0.051645938596280985
00177-00,0.018442718430847965,0.02306687637754826,0.0,0.0,0.0,0.0,0.3382974017569458,0.1878185514697365,0.012860394271804973
00449-00,0.097243424453562,0.01788617241984964,0.0,0.0,0.0,0.0,0.4602892297621476,0.22796677383738687,0.033638904849436185
00211-00,0.0,0.03983582331990286,0.2108753315649752,0.44131299734748003,0.6571428571428571,0.4747252747252747,0.16350661488951138,0.44611687436266456,0.07111676832362132
00672-00,0.04175321756277477,0.36504616148530245,0.0,0.0,0.0,0.0,0.44971212819374284,0.20503569296148663,0.006596904018417377
00537-00,0.07250474016192379,0.07050802064886237,0.0501050420168084,0.2913467873708619,0.409982174688057,0.7522727272727273,0.0922820546166174,0.15066309653831395,0.931074667506863
00032-00,0.0,0.009957305083111804,0.0,0.0,0.0,0.0,0.374564165468398,0.2336695170872692,0.021620437712209842
00752-00,0.041835052291844796,0.006908045476095205,0.0,0.0,0.0,0.0,0.5970938808933076,0.26150451989217294,0.047346347219372004
00043-00,0.04114144880727624,0.04227232569103566,0.0,0.0,0.0,0.0,0.3477615414613427,0.4038442743511832,0.0750891897088249
00462-00,0.15494712858769716,0.06283534922540354,0.0620559966569204,0.1864439591580576,0.6195652173913043,0.4980237154150197,0.6007875411970685,0.26881377914871096,0.06880677452806527
00333-00,0.0,0.02240393643700156,0.0549378678875085,0.31498672030117836,0.8333333333333334,0.24,0.44764574145955727,0.1838453165885288,0.17107335624616143
00431-00,0.3447884975776157,0.015565882627936184,0.1740674955595032,0.27741251106145376,0.531578947368421,0.624561403508772,0.31502541455069666,0.47172725243115754,0.030150860820293952
00439-00,0.0,0.0015147253223248326,0.0,0.0,0.0,0.0,0.5865873707486242,0.22438807282182727,0.09422918283337149
00608-00,0.05942653716606567,0.007507596737067719,0.7703838292072346,0.32509644369226864,0.8666666666666667,0.23999999999999988,0.16211248214359686,0.22647910687485187,0.0348307966556542
00521-00,0.06123773158787666,0.165517086550639,0.0248186946011282,0.2767100182244052,0.3916122004357298,0.7409618573797677,0.5241422686869449,0.3103079870905116,0.05117433479048134
00454-00,0.0,0.016976280748461837,0.1422764227642276,0.3400612761167933,0.7878787878787878,0.3054545454545454,0.6160306459452106,0.20549548647547633,0.003791380164180299
00427-00,0.0,0.013363126012733201,0.0,0.0,0.0,0.0,0.07924310376268935,0.19786590388030653,0.045062350787451445
00532-00,0.0,0.0181951922327738,0.0,0.0,0.0,0.0,0.33303592108523034,0.24034129554928513,0.06177568866103527
00503-00,0.0,0.01214421452842124,0.0,0.0,0.0,0.0,0.6078903377852987,0.23416408250260282,0.06095547967164225
00434-00,0.048621712226780994,0.04236344691792355,0.0,0.0,0.0,0.0,0.29357162343615323,0.33652528345752697,0.06572989542202405
00361-00,0.0,0.0012889031513417931,0.5660881174898986,0.05066492479817732,0.0,0.0,0.24894951304048848,0.29097250792301654,0.0
00193-00,0.3656063946788655,0.010045785115017438,0.1248142644873047,0.23762828399026412,0.7090909090909091,0.4266666666666666,0.6330384765087663,0.7141908373218974,0.004200157596774853
00558-00,0.12391530630003326,0.33101964652887556,0.0388544115946508,0.32647662776555764,0.3333333333333333,0.8087912087912088,0.27166035827097834,0.32473496397698015,0.012734346164738754
00737-00,0.0,0.0026926982844117995,0.0,0.0,0.0,0.0,0.310891429768152,0.07581625801247137,0.0064962716426440106
00161-00,0.0,0.029168036786563715,0.0619834710743845,0.22595579450418118,0.5113636363636364,0.6241935483870967,0.4669724167712357,0.272441742584731,0.1047700040848967
00310-00,0.05942653716606567,0.017025142855633606,0.0,0.0,0.0,0.0,0.22596365421491899,0.7016297082219763,0.050200356881849054
00501-00,0.08415808717288192,0.025852016486339082,0.0985401459854084,0.1922556912255523,0.6785714285714286,0.5142857142857141,0.22216919982485442,0.3782264071780461,0.002678643539838338
00525-00,0.032414474817854005,0.0243716266987836,0.0,0.0,0.0,0.0,0.1625867483370086,0.3438812890203891,0.16695747494553762
00271-00,0.24366082927068372,0.014723341428595955,0.161849710982625,0.36057416730547437,0.5353846153846153,0.604,0.551471054973301,0.30664418915865754,0.03221168295762702
00187-00,0.097243424453562,0.017585076191872252,0.0,0.0,0.0,0.0,0.60636601597039,0.29591419877844294,0.0013378145722318488
00240-00,0.0,0.028276633480051716,0.0,0.0,0.0,0.0,0.3959303888135949,0.2878718253032967,0.14775418382076363
00033-00,0.0,0.009221732280553013,0.0,0.0,0.0,0.0,0.3429131119511699,0.18210964013688974,0.0030290035742032437
00596-00,0.06118280164259957,0.008873094542894987,0.1559888579387189,0.3675507433032814,0.4632034632034632,0.7085714285714285,0.6656028406221822,0.1992604909546149,0.01872015622984614
00321-00,0.0,0.016623681218330424,0.0,0.0,0.0,0.0,0.18219901018291995,0.38416799708593036,0.049127402759154094
00716-00,0.004513407886030309,0.1957363189401413,0.0,0.0,0.0,0.0,0.48217713908655313,0.27948640278482795,0.04263074754144628
00510-00,0.01048703597048218,0.016729329017620736,0.0,0.0,0.0,0.0,0.29785892783852524,0.34590980790061626,0.0
00658-00,0.054505868483525205,0.15344682548172095,0.0,0.0,0.0,0.0,0.39396155292654966,0.29749835146626064,0.10306016060152515
00444-00,0.028149412341820584,0.03871331545244331,0.0,0.0,0.0,0.0,0.18295177129523404,0.2992513923241173,0.01790526330362682
00092-00,0.0,0.023449849649975638,0.0,0.0,0.0,0.0,0.4803870052057188,0.11710892382656082,0.09821482496369348
00773-00,0.041835052291844796,0.013640451485870267,0.0,0.0,0.0,0.0,0.3412921783793156,0.2532390685659791,0.09259333961445677
00182-00,0.145865136680343,0.01331690510054369,0.0,0.0,0.0,0.0,0.31796539467857654,0.16769428705243672,0.07359780903516987
00550-00,0.0,0.10437342271137154,0.0442734611503563,0.2235744459996598,0.6473684210526316,0.4701754385964912,0.3055103964919442,0.32201855310700433,0.06126357171543691
00037-00,0.0,0.0006272838082862211,0.0,0.0,0.0,0.0,0.6173148012042617,0.27790274937514187,0.0
00724-00,0.07131184459927879,0.058380973887825816,0.0,0.0,0.0,0.0,0.41711789186862946,0.16449917759538443,0.1313471333814595
00337-00,0.015730553955723266,0.017388307165694047,0.0,0.0,0.0,0.0,0.36720770516127194,0.3826489423728333,0.07611279559684782
00094-00,0.0,0.0003790114799539904,0.9310344827585724,0.2523637374860955,0.0,0.0,0.1775917880797544,0.17508172495633853,0.07933631016130872
00102-00,0.0,0.034744919991601,0.0758220502901223,0.3152444139403641,0.7121212121212122,0.4145454545454545,0.3691102262251337,0.41499833395401686,0.09236977044403875
00370-00,0.0,0.0020772998535457383,0.0,0.0,0.0,0.0,0.33413448230440734,0.30808586680628725,0.07864450931203587
00686-00,0.009550693473117697,0.06773344532000058,0.0,0.0,0.0,0.0,0.5333822919065193,0.23679578376301647,0.03963924635339314
00108-00,0.0,0.04336181862121699,0.25918043921194,0.23536884617350853,0.5730994152046783,0.5725490196078431,0.08792462168378568,0.2864891276461884,0.01565160336952172
00466-00,0.4992758690656187,0.04927677478398327,0.0943213072318426,0.26820249678312363,0.5091891891891892,0.605109218807849,0.5404008518320682,0.24687851032575817,0.0853856083798896
00133-00,0.0,0.018847567393391468,0.0,0.0,0.0,0.0,0.05582258975319394,0.3880632552054091,0.1084796700912164
00204-00,0.0,0.008367305703792623,0.0924754634678329,0.305405072642206,1.0,0.0,0.29353765265460346,0.08432564794139327,0.08996618723941549
00151-00,0.04743215433775101,0.029426873894824977,0.0787098683236732,0.3205526840357816,0.625,0.5142857142857141,0.38357724900270906,0.2649341689383041,0.16557292532719234
00473-00,0.06685485431182386,0.019518430918884944,0.0,0.0,0.0,0.0,0.15191504688641752,0.27156746469310394,0.2126437670234659
00604-00,0.15393240870250974,0.04256549833406627,0.1004168245547589,0.2972643511784223,0.5561877667140825,0.5621621621621621,0.48515673643566104,0.423576422862938,0.05623631867597607
00749-00,0.0,0.005267863392113128,0.0,0.0,0.0,0.0,0.4608958244877058,0.08617555074787979,0.05824123913217579
00267-00,0.02674194172472956,0.08020120623374839,0.0,0.0,0.0,0.0,0.2932277779543795,0.20918171992479176,0.23582423197996635
00085-00,0.13370970862364778,0.007928867336737833,0.0,0.0,0.0,0.0,0.4855782696714364,0.19439749065435125,0.07256443004244144
00661-00,0.05656949211000482,0.10702122068108495,0.0,0.0,0.0,0.0,0.311402576509831,0.32941972505514805,0.07766658737798103
00512-00,0.0,0.0017207385309409389,0.2629107981220543,0.5734199101418547,0.0,0.0,0.24287186878985284,0.23527307837326386,0.0
00274-00,0.02228495143727463,0.08581902796101068,0.0,0.0,0.0,0.0,0.19680664277544774,0.49680909794516315,0.04817716944851688
00429-00,0.21475069990728418,0.025918046360895525,0.0926640926640957,0.29701582288313844,0.65,0.48,0.38310748828418323,0.28377537421110005,0.05928417137692887
00243-00,0.0,0.013026373652495335,0.0,0.0,0.0,0.0,0.4919372537443303,0.32020002923814467,0.008931039023910636
00691-00,0.17318810453607775,0.05154159948126931,0.0980852729731686,0.3257550187247853,0.5906432748538012,0.5490196078431372,0.3489083866038043,0.19854436894010055,0.22917314132119193
00190-00,0.00528592233528874,0.023231951063939372,0.0870279146141244,0.29810077040332844,0.3054187192118227,0.4349206349206349,0.37316065900193796,0.5251225288400014,0.00375083092135289
00679-00,0.06292221582289306,0.06730953352534821,0.0,0.0,0.0,0.0,0.3884375533794437,0.3625924113828853,0.0235079956670468
00375-00,0.0,0.0018316687201957655,0.0,0.0,0.0,0.0,0.3106959231771869,0.5898807216001094,0.04155992370850485
00602-00,0.8662902913763523,0.007120661672166956,0.2314049586776074,0.48566308243727574,0.6944444444444444,0.4714285714285713,0.24250690575462047,0.28348860438150875,0.1163922424877794
00662-00,0.012848981008879067,0.2942687389482498,0.0,0.0,0.0,0.0,0.3621092027664978,0.21455748718060758,0.04114963124512337
00451-00,0.0,0.027685005804025976,0.0,0.0,0.0,0.0,0.33081496134185223,0.34518822712658354,0.033452737025999615
00543-00,0.021026947128100243,0.14842591382044892,0.1005319148936241,0.2638387636950606,0.7333333333333333,0.34782608695652173,0.3139484042638377,0.3528986530683336,0.2790550578991936
00126-00,0.0,0.004787165905342214,0.1306191687870601,0.18208432515253486,0.5277777777777778,0.7285714285714285,0.5381205935052192,0.2953404006926326,0.028688063793535595
00048-00,0.10595866850309454,0.025883710826126175,0.066014669926655,0.23354672205133553,0.3873873873873873,0.7771428571428571,0.29957977777767075,0.32783246252821674,0.07631039017223412
00487-00,0.08015040713790819,0.02149008297314037,0.0853350189633436,0.3739289226014888,0.438423645320197,0.7238095238095238,0.515662682700943,0.17238491974048056,0.11462349121035026
00051-00,0.0,0.05619010265004299,0.0794896957801823,0.34567126918301344,0.6666666666666666,0.457142857142857,0.3750618758289678,0.255314481783232,0.08035635735832823
00327-00,0.02971326858303283,0.01534534284691766,0.0,0.0,0.0,0.0,0.22268027163687645,0.5894479048402719,0.010764505014812535
00650-00,0.00835685678897799,0.048835695221946224,0.0,0.0,0.0,0.0,0.4863295487822817,0.2820260795171642,0.03234681676336342
00738-02,0.10696776689891821,0.0077822810152225275,0.0,0.0,0.0,0.0,0.3187469286852203,0.42000480364879206,0.09358546582730466
00461-00,0.0,0.015254221620029767,0.1789029535865038,0.3414636359511817,0.8571428571428571,0.2285714285714286,0.24632998641595635,0.12153141169871197,0.013501955890806612
00056-00,0.0,0.02290180169115715,0.1487023614683238,0.22979984630636607,0.5105820105820106,0.6324786324786326,0.15751182656875204,0.19487610556759272,0.06936801653140881
00689-00,0.0,0.1558542747080489,0.0,0.0,0.0,0.0,0.1781721840622902,0.3014692107623641,0.33454507362286207
00720-00,0.0,0.04547741580200546,0.0,0.0,0.0,0.0,0.4375682212540482,0.1802365059863904,0.10347796468593752
00405-00,0.08988734783751622,0.022506943041309613,0.0449750138811803,0.2143776157809576,0.6,0.5538461538461538,0.4896771105431083,0.4376048985347764,0.021325233915731944
00125-00,0.10696776689891821,0.023445887857502252,0.0,0.0,0.0,0.0,0.04418914060352372,0.4636659792285254,0.10366772301255078
00579-00,0.018928766747029355,0.09784042692275693,0.0435818862785166,0.3342711012156459,0.5798319327731093,0.53475935828877,0.5331519915574423,0.2857744340844568,0.06621486722921102
00075-00,0.053483883449459105,0.015110276493496718,0.0,0.0,0.0,0.0,0.43083955961463316,0.3117333792821564,0.008834721990820095
00292-00,0.0891398057490985,0.000895365098985385,0.325581395348778,0.6127156789197296,0.0,0.0,0.6156768502723947,0.34684869453559714,0.0
00143-00,0.24571411580581287,0.02056170293687676,0.2187412062657814,0.35139568433364576,0.6789473684210526,0.42807017543859643,0.4277321020019473,0.19596517250848677,0.13113338710185574
00070-00,0.0,0.0003103404104152883,0.6511627906976539,0.13868050345919783,0.0,0.0,0.8276999104575175,0.0,0.0
00358-00,0.0,0.0012268350692587354,0.0,0.0,0.0,0.0,0.44646117962771775,0.06521680204559194,0.0
00748-00,0.0,0.005789499401109038,0.0146373918829011,0.16555598480458408,0.0,0.0,0.07300847702003398,0.21662183183832742,0.05707691031109911
00347-00,0.0,0.006338867957418655,0.2153846153845973,0.26188309897987266,1.0,0.0,0.35331069548343885,0.15158160229219564,0.004502205519681934
00687-00,0.0,0.023218745089028082,0.0,0.0,0.0,0.0,0.4367834784262667,0.21945177214599304,0.3430828485917422
00440-00,0.8139355337978363,0.005434258675995368,0.1820224719100479,0.21270387821674466,0.6666666666666666,0.5599999999999999,0.47324794988534635,0.16924281018804566,0.12289256819970022
00764-00,0.041835052291844796,0.02346965861234257,0.0,0.0,0.0,0.0,0.387969782159386,0.25422432724484084,0.05455122614405875
00659-00,0.04307426854989995,0.09480965568061614,0.0,0.0,0.0,0.0,0.32253980331446436,0.3245166561174545,0.09518163649661603
00219-00,0.06479430137478442,0.01411190479020328,0.0727109515260375,0.3792856315515141,0.5882352941176471,0.5558823529411765,0.4409885141716059,0.08949976734765118,0.4805980786216354
00040-00,0.034196129605266634,0.0310736589662627,0.0733944954128278,0.4527332685071658,0.5524193548387096,0.5729032258064516,0.550713763128135,0.34771962798617134,0.03983313278965778
00283-00,0.0,0.020808654667717866,0.1220930232558226,0.27105734767025064,0.7333333333333333,0.39999999999999997,0.4537193996722435,0.2056873850643132,0.09065041483914384
00148-00,0.02674194172472956,0.01104151562332862,0.0,0.0,0.0,0.0,0.3013502365556044,0.19072462313338073,0.06318499512250225
00335-00,0.0,0.020545855766983215,0.0583165230148561,0.22283071302699448,0.4470899470899471,0.7145299145299145,0.622087369215269,0.2932485197024985,0.03192900732079384
00494-00,0.0,0.015531547093166833,0.0822429906541778,0.20468629618463777,0.4505747126436781,0.7064039408866994,1.0,0.20123868335980263,0.25423065172058845
00708-00,0.021516504835989297,0.22843695401547479,0.0,0.0,0.0,0.0,0.4796590324538211,0.36021524437185365,0.10206517229732671
00152-00,0.0,0.027319200298983274,0.0,0.0,0.0,0.0,0.1706649650177152,0.2380223534463378,0.11895339036417707
00145-00,0.18760213597563105,0.017747509683281107,0.1060606060605986,0.32288679808841064,0.6181818181818182,0.5599999999999999,0.44472348582751126,0.3461037904361833,0.015251086123445163
00282-00,0.178279611498197,0.010136906341905332,0.0,0.0,0.0,0.0,0.2771072857957481,0.5790351384797374,0.03341760028316452
00432-00,0.5303351990503984,0.026285172463429356,0.0689831374552936,0.23402069219399835,0.8,0.2933333333333333,0.47572789011088934,0.3888230933625818,0.05586537623899905
00584-00,0.0,0.0,0.0,0.23233486943164325,0.0,0.0,0.14047837992130693,0.514909402197175,0.0
00262-00,0.0,0.0006906724878604077,0.0,0.0,0.0,0.0,0.5760179244837342,0.5158321789036215,0.0
00230-00,0.0,0.026365728910388218,0.0639895527260572,0.3384367353673217,0.7046153846153846,0.384,0.4831469590212788,0.38951516257604885,0.032559740521370846
00209-00,0.0,0.05086149177333794,0.0991805594800862,0.20125184705802487,0.6460317460317461,0.4497478991596638,0.3755765866097985,0.2162948679322138,0.04804940473844534
00736-00,0.0,0.0007382139975410475,0.0,0.0,0.0,0.0,0.1378282764334055,0.2516957217194112,0.0
00081-00,0.01782796114981971,0.025149458621058513,0.0,0.0,0.0,0.0,0.28721023550840663,0.18462511059516848,0.026336265932574536
00580-00,0.0,0.0238962116019772,0.0,0.0,0.0,0.0,0.2604553043534901,0.36104092408188887,0.0502208118117038
00560-00,0.15988708741290564,0.050849606395917776,0.1646815121698656,0.24239348936146488,0.3691019786910198,0.7784037558685446,0.3907490316265258,0.26308665976504775,0.030821919354442815
00322-00,0.0,0.0208377078125227,0.0,0.0,0.0,0.0,0.11197600382110474,0.2983939108683483,0.029276968328886925
00516-00,0.11869292646725146,0.016798000087159436,0.0687397708674308,0.31000797799013263,0.4285714285714285,0.7999999999999999,0.382833792270832,0.36584441228993486,0.030927975014703755
00647-00,0.055328155292543896,0.14669593110707008,0.0,0.0,0.0,0.0,0.5290091786284312,0.22256619382822976,0.05930152200944184
00392-00,0.0,0.01982877132930023,0.0,0.0,0.0,0.0,0.6180963418593087,0.2791769794348959,0.06514748351135569
00197-00,0.08629455802999669,0.020973729354108975,0.1776140781665421,0.29398656959103703,0.7272727272727273,0.39272727272727265,0.6317346917013532,0.3650999869403046,0.011377220544293843
00212-00,0.0,0.008744996586255485,0.0,0.0,0.0,0.0,0.2989475847433025,0.36864127828057847,0.0011107894217779264
00078-00,0.0965681228948567,0.015334778066988628,0.0,0.0,0.0,0.0,0.14061613106019283,0.3554990418091516,0.0
00351-00,0.0,0.0010327072380627892,0.3028571428571287,0.4174283154121858,0.0,0.0,0.39950862014657396,0.24770598608280608,0.0
00472-00,0.0891398057490985,0.010498750054474646,0.0,0.0,0.0,0.0,0.06705584211060052,0.22941517017684984,0.11327228659421452
00571-00,0.14820933724071322,0.1097205219529524,0.0609480812641126,0.2593803375401287,0.365445499773858,0.7848951048951048,0.3205806722881954,0.5128362835461604,0.061171505226642144
00535-00,0.0,0.03529164735292836,0.0,0.0,0.0,0.0,0.30111396269176016,0.164067442639598,0.08934047279372748
00574-00,0.2614306011972837,0.13525559504142054,0.0636827876239132,0.29520742556721546,0.4221213569039655,0.7088644688644689,0.5234966631062484,0.26503917894301576,0.022182509004578087
00420-00,0.07923538288808754,0.036056273300291986,0.0,0.0,0.0,0.0,0.5518367838119665,0.2850844085994269,0.09600234618828252
00241-00,0.07293256834017149,0.010382537475255305,0.0,0.0,0.0,0.0,0.2791120119209749,0.4174929225179816,0.08101450015612055
00430-00,0.15348388344945912,0.01605846549212726,0.0493252675663115,0.2447462435641479,0.6666666666666666,0.5,0.5642220448874502,0.3734312191783203,0.11029101648166009
00406-00,0.011885307433213144,0.02171722574161454,0.0,0.0,0.0,0.0,0.25201528078290303,0.13386035474550564,0.03588322942164439
00488-00,0.13370970862364778,0.003141701431395621,0.0,0.0,0.0,0.0,0.24918069705295923,0.6244926852288816,0.05991925681541901
00498-00,0.07293256834017149,0.028506417443508143,0.0,0.0,0.0,0.0,0.3370064466894938,0.21596976444985377,0.049523258615166224
00345-00,0.0,0.005874017640541287,0.1854227405247875,0.07633859995611107,0.5357142857142857,0.7428571428571429,0.6195972013051657,0.2508649247877394,0.08882089757545047
00464-00,0.14479082998765508,0.024613296039660188,0.1064582170109533,0.2670315936512511,0.5411764705882353,0.5839572192513368,0.5073808981266712,0.2815488272532084,0.06080062912910912
00495-00,0.0,0.03389313460982287,0.0,0.0,0.0,0.0,0.28420964971958856,0.3119357970504383,0.3737324558217081
00372-00,0.0,0.0008715943441450649,0.3499999999999461,0.3469534050179208,0.0,0.0,0.3750176702525311,0.24389147450814466,0.0
00153-00,0.081012405850597,0.03252499560901335,0.0985144644253145,0.21307353975580126,0.5147783251231527,0.6253968253968255,0.3053051864922745,0.37628175240753076,0.1139499745139444
00236-00,0.047108637906071026,0.0670216432722821,0.0459770114942531,0.3129844447975701,0.6666666666666666,0.44999999999999996,0.28668054132482146,0.2905299660144553,0.12302529303374046
00606-00,0.4054760190826736,0.016812526659561854,0.1587044534412776,0.3829480649514604,0.645320197044335,0.457142857142857,0.3115838508013818,0.46755931863822275,0.051424780317466355
00132-00,0.0,0.013474056201988027,0.0,0.0,0.0,0.0,0.31822326251862365,0.3598073370787591,0.13259931751671855
00601-00,0.46527181730182565,0.03700182110394027,0.0600000000000003,0.3588799283154119,0.7263157894736842,0.3649122807017543,0.28787229807864456,0.33369394591919266,0.06268858135720122
00155-00,0.07131184459927879,0.013764587650036382,0.0,0.0,0.0,0.0,0.41342154735093384,0.2833539291544989,0.030348769232573517
00644-00,0.0,0.04613111156011426,0.0,0.0,0.0,0.0,0.4360634354032904,0.2559736322935181,0.008072439814170393
00505-00,0.016713713577955966,0.05034909994677993,0.2769538154152129,0.30663453585289785,0.5015015015015015,0.6323809523809524,0.38265146500992864,0.13723532662449128,0.09602956611051969
00254-00,0.0,0.022920290056032955,0.1811346548188714,0.249009620826259,0.8214285714285714,0.2857142857142858,0.17758613410043247,0.2017326913462616,0.014577309683752033
00443-00,0.1963799352496995,0.01747150480763517,0.096297978650923,0.3321637576855792,0.8333333333333334,0.39999999999999997,0.49141112102621315,0.2946413677512967,0.12679134927586108
00410-00,0.0,0.012215526792942199,0.1199563794983192,0.4353470683192424,0.8571428571428571,0.22857142857142848,0.45976567236426014,0.28536143665185415,0.11985663419116013
00063-00,0.12584443164578613,0.0007844349097305585,0.0,0.0,0.0,0.0,0.19591722163120126,0.12509098471456773,0.0
00522-00,0.0,0.017549420059611773,0.1469265367315768,0.2925956376650384,1.0,0.0,0.3013424695935365,0.275238001987479,0.047564004470220245
00607-00,0.0,0.004505878639731761,0.2341040462426704,0.19741749021070296,0.0,0.0,0.4191868959818929,0.17601350127842014,0.0
00719-00,0.0,0.053185743357724774,0.0,0.0,0.0,0.0,0.31465778656430166,0.2031224072933605,0.08967424055504171
00583-00,0.13370970862364778,0.0011409962323353578,0.2999999999999374,0.17468140183193903,0.0,0.0,0.5529042376365678,0.7519278463345819,0.06404037343953747
00682-00,0.034505731257715555,0.07048821168649544,0.0,0.0,0.0,0.0,0.09211625373278773,0.15073342974035753,0.9315093158329117
00074-00,0.08720198388498766,0.035238823453283205,0.0,0.0,0.0,0.0,0.4287740349268893,0.3880581399745382,0.0009820079564346734
00147-00,0.0891398057490985,0.0272333614620599,0.0,0.0,0.0,0.0,0.07206323279263616,0.36924438066113396,0.21955574846665618
00210-00,0.0,0.013793640794841218,0.0,0.0,0.0,0.0,0.509821529103957,0.3162852368257041,0.09215339865353182
00573-00,0.32557531528775946,0.21268090534881604,0.0494864612511687,0.3488880104012925,0.5239240844693932,0.5847332421340629,0.6037437319539315,0.28882175130671306,0.03365592937947272
00394-00,0.048621712226780994,0.029074274364693564,0.0,0.0,0.0,0.0,0.44231740948978954,0.2003223420293248,0.14808590388942042
00630-00,0.02546851592831386,0.09853374060559959,0.0,0.0,0.0,0.0,0.5132396168328222,0.28111333751863254,0.04702265016003322
00711-00,0.026411794296029183,0.2221799631025061,0.0,0.0,0.0,0.0,0.4450228185245141,0.3337175441034162,0.09190098078250006
00469-00,0.05639140857500482,0.17385533910962678,0.0575689846051029,0.2640341919446809,0.4290296712109062,0.7012859097127223,0.37202604567613096,0.3821853973046891,0.0719017281483332
00605-00,0.23338710123194967,0.016635566595750585,0.0486908589802496,0.31245678179995146,0.6143790849673203,0.5205882352941177,0.42177390161399964,0.3623442805179922,0.05175409360262991
00302-00,0.0,0.0012492852266079266,0.3856749311294475,0.9999999999999999,0.0,0.0,0.4135616871869058,0.04768364169665135,0.015605275652690929
00281-00,0.0,0.0036210783206754066,0.0,0.0,0.0,0.0,0.1606430458592879,0.16802939628033903,0.020304167177301307
00232-00,0.06685485431182386,0.03396576747183496,0.0,0.0,0.0,0.0,0.31177749656706677,0.3322352198528396,0.2259781722227828
00180-00,0.13370970862364778,0.017108340497574724,0.0,0.0,0.0,0.0,0.6095382373363688,0.3289018359996046,0.0153832679487981
00718-00,0.33539124428157,0.04728267257237865,0.0573602575358505,0.2482907515972741,0.5165165165165165,0.6133333333333333,0.2781982155920333,0.4675504216818539,0.24829845866529407
00485-00,0.06553666369970496,0.01424132334433391,0.1389252948886022,0.23425323073887694,0.5606060606060606,0.6327272727272727,0.1597667930892759,0.21922723496712052,0.13030590109038692
00447-00,0.0,0.017406795530569855,0.1112627269864632,0.26599867270270894,0.6410256410256411,0.509090909090909,0.10479981726044545,0.22910609857304803,0.034847305381673
00233-00,0.097243424453562,0.02623498975876646,0.0,0.0,0.0,0.0,0.36200386727316863,0.2704438189398777,0.14128463098095478
00707-00,0.09557321662899271,0.03839901324955463,0.0759760816039449,0.24411369432814248,0.5211640211640212,0.6188034188034188,0.4443732019930595,0.11726619497181223,0.15617409611219554
00660-00,0.0,0.04220497521898808,0.0,0.0,0.0,0.0,0.2394924714704867,0.2910052627723734,0.39109302592483036
00137-00,0.11345066186248899,0.055436041482608396,0.0,0.0,0.0,0.0,0.37179234722493937,0.3199573063609521,0.03794678570914047
00725-00,0.04278710675956728,0.04409739142377578,0.0,0.0,0.0,0.0,0.45453603565008094,0.47449481824629636,0.03948230618626615
00340-00,0.008667599357243642,0.013331431672946108,0.1387512388502808,0.42531020102234,0.5753846153846154,0.552,0.24864485521336924,0.3493520814421747,0.058285007206887784
00734-00,0.0,0.027732547313706616,0.0,0.0,0.0,0.0,0.6558802602491594,0.2963721202633329,0.14331026964308788
00140-00,0.09438332373433958,0.04403532334169272,0.0,0.0,0.0,0.0,0.4359872132140849,0.35734114069298173,0.04258596446266221
00615-00,0.0,0.0029488941976908035,0.0866141732283143,0.2070280529449948,0.4640522875816993,0.7235294117647059,0.21484304765822193,0.2652814713394241,0.017104409071972988
00296-00,0.10696776689891821,0.01338953796255578,0.0,0.0,0.0,0.0,0.20609791347543716,0.5927839357016861,0.020314390414621727
00593-00,0.0,0.006448477549182353,0.2362869198311314,0.23903369478093814,0.4526315789473684,0.7298245614035087,0.3815248165150994,0.4328893101339032,0.027896933543393832
00239-00,0.0,0.009932213730780355,0.0,0.0,0.0,0.0,0.45554127053008897,0.38425473507967983,0.04870384387796543
00021-00,0.05942653716606567,0.09096671698143108,0.0,0.0,0.0,0.0,0.4186591373914645,0.4287193336009525,0.031821529687279755
00288-00,0.0,0.006976716545633907,0.0,0.0,0.0,0.0,0.2001151402325067,0.21166956516667246,0.0902455242253216
00035-00,0.0,0.01167936421154387,0.0,0.0,0.0,0.0,0.4712387445612976,0.2912227581653305,0.015650504160674428
00715-00,0.008626432814428896,0.04306996657567751,0.0,0.0,0.0,0.0,0.5760516269922721,0.28228366166805613,0.05142253497712679
00348-00,0.0,0.0007593435573991097,0.4520255863537913,0.11327769753383592,1.0,0.0,0.19957271524594766,0.07548103736754024,0.024702442027498113
00598-00,0.01725286562885777,0.026594192276353516,0.1483866452019367,0.28165527826509923,0.6466666666666666,0.4608695652173912,0.3428700952907169,0.34091760127895915,0.026716874685778005
00227-00,0.07428317145758208,0.03221993758856257,0.0,0.0,0.0,0.0,0.09109608854062881,0.4586712991858061,0.17392335619277352
00339-00,0.0025558305797000608,0.01105208040325765,0.3309692671394509,0.355642619283662,0.6368421052631579,0.48421052631578937,0.2937049982642044,0.25782620860378,0.0
00556-00,0.07327797559862544,0.06321436070535753,0.1083083210933046,0.3559490677318412,0.5390243902439025,0.5815384615384616,0.7136746696226057,0.21234951020913348,0.0648956546304913
00192-00,0.15640049718488722,0.00852577740272809,0.1789577187807041,0.3257485647223011,0.6,0.5866666666666667,0.377544229710523,0.33707758533030524,0.009074242669892416
00341-00,0.05263157894736842,0.029191807541404036,0.1910828025477413,0.2657299239125826,0.4539007092198581,0.6838112858464384,0.26288915573995064,0.15549724981691418,0.05638233054471571
00667-00,0.011142475718637308,0.13159753999099352,0.0,0.0,0.0,0.0,0.37577990235587355,0.35467383263260954,0.1503219655413458
00101-00,0.0891398057490985,0.008130918752880554,0.0,0.0,0.0,0.0,0.4336599955461248,0.2688054317742483,0.032292793643453624
00184-00,0.05593464632336257,0.040308597221727,0.0628930817609964,0.3017796157822022,0.4769230769230769,0.6607287449392713,0.5081471729224319,0.3758804193938895,0.026173022188332794
00248-00,0.0,0.012693583084730856,0.0,0.0,0.0,0.0,0.5187925219519279,0.1314673919672151,0.06499836197263337
00669-00,0.017069324505146526,0.24983459516423615,0.0,0.0,0.0,0.0,0.4705792253310801,0.3746786730595567,0.028454961040303584
00674-00,0.0,0.059407078138432955,0.0,0.0,0.0,0.0,0.35344083790660724,0.12934082978939532,0.13835097373049318
00524-00,0.05942653716606567,0.02312630326464906,0.0,0.0,0.0,0.0,0.4841956028267763,0.3440726978918679,0.024680239160828826
00334-00,0.10030628617182642,0.014817103850466105,0.0541062801932169,0.33846813152563476,0.9047619047619048,0.15999999999999995,0.321771945684511,0.13209301145450894,0.16740730820689176
00244-00,0.0,0.007433643277564502,0.0,0.0,0.0,0.0,0.22502207204330665,0.6150306748466255,0.31479270161477063
00399-00,0.04456990287454925,0.0141951024321444,0.0,0.0,0.0,0.0,0.3139288452678408,0.23723405434463332,0.47750616332348406
00090-00,0.07021402165136428,0.02650439164695675,0.1179005908932955,0.3009989622304193,0.638095238095238,0.5010989010989011,0.5131614130694222,0.3240434138480329,0.03675134953170078
00740-00,0.2674194172472955,0.002346701741736031,0.0,0.0,0.0,0.0,0.28002191639754626,0.4441739195577897,0.0
00731-00,0.04456990287454925,0.007747945480453177,0.0,0.0,0.0,0.0,0.41688922399221395,0.26774043609899134,0.02062500531499209
00767-00,0.041835052291844796,0.0017762036255683522,0.0,0.0,0.0,0.0,0.7193724349906157,0.0,0.0745574241687411
00286-00,0.04456990287454925,0.03258970488607866,0.0,0.0,0.0,0.0,0.4305505186778572,0.19207252024408697,0.0026144167421611186
00324-00,0.0,0.023688877795869968,0.3699825479928754,0.39925375468358026,0.5897435897435898,0.5818181818181818,0.35211498507257205,0.13812199486091348,0.23952597753807975
00160-00,0.030630839440102482,0.03252235441403109,0.0589225589225267,0.3001709146422407,0.7229437229437229,0.3657142857142857,0.30536870814421746,0.5058882816115376,0.08523266790698657
00435-00,0.0,0.018185948050335896,0.146398140975998,0.24447651094286552,0.6666666666666666,0.5599999999999999,0.47332148570113947,0.2612816882220649,0.08229950834935042
00600-00,0.0,0.024708379059021467,0.0,0.0,0.0,0.0,0.3432817386833679,0.34700903552513124,0.01059935866882961
00631-00,0.01048703597048218,0.06348640378853009,0.0,0.0,0.0,0.0,0.32438516623790825,0.5030585296914276,0.18107431956406095
00599-00,0.22256959832253292,0.025852016486339082,0.0904059040590411,0.22474754989485377,0.6928104575163399,0.4147058823529411,0.5674321621106218,0.23358307860028638,0.055544631550797835
00572-00,0.044352123154000264,0.34586844471912875,0.0655256345864102,0.33221411848216387,0.4643410852713178,0.6487980873723104,0.5761415518751639,0.23326877826094108,0.023717348382352822
00041-00,0.08969747863253667,0.0671035203167321,0.1595923330824073,0.27839688185118827,0.5023625429553265,0.6097368421052632,0.4982107498298452,0.19476424731985123,0.1547561640790329
00603-00,0.04114144880727624,0.008208834004857158,0.0,0.0,0.0,0.0,0.3038220231076536,0.34411949109529705,0.0
00083-00,0.17571682854241788,0.005528021097865519,0.1294261294261337,0.2400131728088712,0.5238095238095238,0.7999999999999999,0.333859636079245,0.14675249307151123,0.0713414155852079
00541-00,0.07044951033744708,0.13439324487971338,0.0289196447015087,0.3710702859905566,0.4751020408163265,0.6561224489795917,0.07679209773024886,0.5823014178131339,0.014773354063449934
00231-00,0.0,0.003959151278404402,0.0,0.0,0.0,0.0,0.1521700538626826,0.06322745255432588,0.9999999999999999
00380-00,0.15281109556988315,0.018304801824537496,0.0,0.0,0.0,0.0,0.35335354424492676,0.25691722827412844,0.03092987268820658
00354-00,0.0,0.0010445926154829491,0.0771929824560886,0.09130352763629455,0.0,0.0,0.38725211092833045,0.14847345712978055,0.021865698894415968
00071-00,0.17623830966966614,0.014420924603127439,0.1909633418584717,0.3812827141141633,0.3393772893772894,0.8081404032860343,0.278679354123198,0.15293428655091862,0.013496716482234222
00417-00,0.0,0.0043342009658850055,0.0,0.0,0.0,0.0,0.43831237820239466,0.13427154832047591,0.05595959144447147
00297-00,0.16045165034837727,0.014722020831104826,0.0,0.0,0.0,0.0,0.4047475997908271,0.6612779672225918,0.024098888816265537
00015-00,0.08489505309437952,0.09935779344006403,0.0,0.0,0.0,0.0,0.5993884867204237,0.2614835114651813,0.02141736135333233
00569-00,0.2891552383059032,0.060550715565750576,0.1436488583462749,0.23713161535044924,0.4655462184873949,0.6427807486631015,0.5106874952837382,0.22519874521326852,0.021600340361106075
00452-00,0.014856634291516423,0.015933008730470016,0.0,0.0,0.0,0.0,0.36896985871197,0.19168790157158844,0.1109596896620443
00388-00,0.0,0.004344765745814037,0.0,0.0,0.0,0.0,0.4923139688615153,0.11811452339440527,0.0
00208-00,0.04278710675956728,0.018710225254314063,0.0,0.0,0.0,0.0,0.28282120496723856,0.25124749921522704,0.06355884164208005
00471-00,0.13370970862364778,0.009932213730780355,0.0,0.0,0.0,0.0,0.06878673940119591,0.2560519122234811,0.06719899274554875
00515-00,0.02743460747725649,0.023180447761785346,0.0787172011661863,0.2839226935013636,0.6047619047619047,0.5242105263157895,0.360770210300547,0.5847501079369544,0.013071892652341212
00188-00,0.0,0.036702045473454015,0.0,0.0,0.0,0.0,0.28124803624504713,0.4761998899220394,0.02567628179204526
00018-00,0.04278710675956728,0.0336065649542479,0.0,0.0,0.0,0.0,0.4410710084901529,0.2766896241570787,0.07588833838627371
00342-00,0.030764868510461445,0.02878638411162747,0.1705006765899877,0.22149187687840566,0.5204872646733112,0.6034843205574912,0.2580834745653443,0.18683928308864506,0.02838699519381589
00774-00,0.041835052291844796,0.0038191679443447396,0.1951219512194691,0.3067575837048691,1.0,0.0,0.1510157962544707,0.08522833657484166,0.00478155600422294
00511-00,0.0,0.003290928947893185,0.1788079470197887,0.2423360393078397,0.0,0.0,0.2944498204827904,0.0623262442961207,0.0
00142-00,0.02931190185369141,0.03182639953620616,0.1192889672395682,0.3369282253720474,0.4338164251207729,0.7103030303030303,0.5128220755357934,0.13640428203216454,0.008848829604230073
00531-00,0.0,0.003951227693457628,0.0583333333333143,0.31239359318996385,0.0,0.0,0.5863541047921396,0.410453760809135,0.05168912572200472
00073-00,0.0891398057490985,0.0115618310348334,0.0,0.0,0.0,0.0,0.37900327574458714,0.014542247790491004,0.0050145672397225146
00312-00,0.6104838189605871,0.007634374096216093,0.1534090909091018,0.2174619175627236,0.6212121212121212,0.5454545454545453,0.04605918760954178,0.39960955458741765,0.004176970707915993
00769-00,0.21098456702108442,0.03278383271727461,0.091016421594937,0.20796676441837708,0.3859649122807017,0.8235294117647058,0.07047978662932623,0.21029406549669052,0.1695590403595773
00694-00,0.03613775908747237,0.21286843019255633,0.0,0.0,0.0,0.0,0.4604447739813048,0.13787348984522638,0.08948012906362715
00733-00,0.0,0.020878646334747696,0.0,0.0,0.0,0.0,0.41331161473068195,0.2629910714142297,0.012976640227253628
00408-00,0.033427427155911946,0.0037214437300012023,0.0,0.0,0.0,0.0,0.22673964808767938,0.182333630723761,0.00854391032506379
00730-00,0.0,0.024473312705600523,0.0812821102676202,0.23145358490275642,0.5619047619047619,0.6065934065934065,0.23664657775542766,0.4174521745408315,0.04390951235367231
00046-00,0.0,0.019725764724992177,0.0,0.0,0.0,0.0,0.4465059334142103,0.22228273996425277,0.03741211242499859
00714-00,0.016045165034837737,0.06296476777953416,0.0,0.0,0.0,0.0,0.3523500444209278,0.34900692977788106,0.10027240982269653
00216-00,0.04114144880727624,0.006861824563905694,0.0,0.0,0.0,0.0,0.29458553133173676,0.24811821154902003,0.1502216054316604
00201-00,0.0,0.01153806027999308,0.2108054358632911,0.3476577767798484,0.7222222222222222,0.4285714285714285,0.18403205257641786,0.3794783860622556,0.032753591086465465
00305-00,0.0,0.0283809606818509,0.0,0.0,0.0,0.0,0.44783436194263765,0.2724229196776479,0.04638513891422701
00491-00,0.03146110791144653,0.0035510866536455758,0.0,0.0,0.0,0.0,0.20411388535574507,0.06821449345347179,0.02203628698457782
00253-00,0.0,0.0028102314611222704,0.1250000000000089,0.44523679145094885,0.0,0.0,0.7668754702870214,0.30707976329098513,0.003079057929773072
00365-00,0.0,0.0007170844376829853,0.0,0.40191261895933733,0.0,0.0,0.36783586467549423,0.16622450671530412,0.08323165151607574
00455-00,0.07415752653415003,0.01049610885949239,0.1086807928913228,0.21295510281079008,0.319047619047619,0.6836974789915966,0.24561451811399676,0.22575607423659916,0.04098959582187033
00563-00,0.13101074436702725,0.002235771552481205,0.4937888198756549,0.26045075580489274,0.3333333333333333,0.0,0.3655442787396175,0.4417258319999354,0.10446467401755569
00179-00,0.0,0.014966331366963669,0.0,0.0,0.0,0.0,0.10764620158215588,0.574144231408239,0.0977394144860095
00131-00,0.09425962190944548,0.02094203501432188,0.0756442227763535,0.2883617568980771,0.9722222222222222,0.04285714285714284,0.252524679662994,0.538268317487627,0.007495521827266417
00458-00,0.0,0.012362113114457505,0.0,0.0,0.0,0.0,0.30597810091153005,0.4586251519767456,0.031691151138695015
00677-00,0.03310907070680802,0.15398166746562816,0.0,0.0,0.0,0.0,0.44876283451812793,0.2749193208434339,0.09965145812632364
00020-00,0.02674194172472956,0.04293394503409123,0.0,0.0,0.0,0.0,0.5730942869099153,0.27805030509260403,0.06041091035744695
00554-00,0.09779137002216536,0.11541493833470015,0.1033091202582762,0.30946941866405,0.3738762559492332,0.7763934426229507,0.15692764844902787,0.17030903854740145,0.1505833073775146
00685-00,0.06685485431182386,0.043989102429503206,0.0,0.0,0.0,0.0,0.3956539738031564,0.2319184027380551,0.13410797140464667
00013-00,0.02971326858303283,0.02982833553212816,0.0,0.0,0.0,0.0,0.33867170524669293,0.312203382691329,0.13881731107254672
00097-00,0.11382288091749639,0.013143906829205807,0.082840236686391,0.3390622680324913,0.6444444444444445,0.5333333333333333,0.3644491777760189,0.30041882963662103,0.016721653064767993
00328-00,0.035178517457242944,0.07915133122830094,0.0659062103928692,0.2987863720109518,0.4123642439431913,0.7126646403242147,0.47766199184517183,0.2041482196717771,0.13309881829421696
00213-00,0.04114144880727624,0.029108609899462914,0.0,0.0,0.0,0.0,0.3946158207513492,0.47382877596593814,0.17987940815158177
00728-00,0.0356559222996394,0.010198974423988389,0.0,0.0,0.0,0.0,0.09591332793173338,0.14035692427493057,0.29387369415717357
00757-00,0.041835052291844796,0.02506229918664401,0.0,0.0,0.0,0.0,0.3007491922615422,0.3640990225587373,0.01563346971324565
00250-00,0.0,0.009738085899584407,0.1980198019801272,0.3329366346772925,0.5833333333333334,0.6428571428571428,0.4324967060548813,0.26746382119588774,0.028865529247580353
00513-00,0.06375180660673106,0.052769755148019175,0.0792792792792797,0.286867282028572,0.5833333333333334,0.5263157894736841,0.2505162841612632,0.47718978673082146,0.04387906156507869
00238-00,0.13370970862364778,0.007989614821329762,0.1363636363635428,0.23057475678443368,0.0,0.0,0.40871916180922885,0.43097039989252606,0.07724063404384025
00278-00,0.0,0.010443284959847234,0.0,0.0,0.0,0.0,0.10254153029931705,0.44972778462752516,0.0743812469202698
00060-00,0.2005645629354716,0.012684338902292954,0.0,0.0,0.0,0.0,0.4620955179958961,0.2563700041070922,0.007200572362269247
00423-00,0.0891398057490985,0.010556856344084318,0.0,0.0,0.0,0.0,0.28936570560256697,0.42938644549817606,0.01858542609429974
00755-00,0.041835052291844796,0.004054234297765681,0.0858895705521477,0.14667029487433206,0.6666666666666666,0.7999999999999999,0.43685739881264396,0.3725898621357009,0.03980304548506156
00215-00,0.0,0.004769998137957538,0.0,0.0,0.0,0.0,0.11982550071379276,0.6604803992929188,0.01473772812488011
00688-00,0.020413695973075997,0.31998209269802036,0.0,0.0,0.0,0.0,0.35446365006638647,0.18777660061201806,0.22019639135450259
00612-00,0.0,0.017097775717645695,0.0,0.0,0.0,0.0,0.5239044375951486,0.4380180173125937,0.13900207582748575
00062-00,0.26395055572166953,0.0042906212486777525,0.1609195402298129,0.2791579120833846,0.3402298850574712,0.8482758620689654,0.46808847626915195,0.13980033051864246,0.0
00684-00,0.07454009386268926,0.10546291564155287,0.0455962587685145,0.28862079337276014,0.3759990799838997,0.7568962510897995,0.40258384618076787,0.24824295768747273,0.17112469461796517
00665-00,0.023457843618183816,0.18838191151204453,0.0,0.0,0.0,0.0,0.23908469758759637,0.2677227194769395,0.1098161246541023
00642-00,0.014754174744678376,0.1937976818231641,0.0,0.0,0.0,0.0,0.6890542765257931,0.38836612197129483,0.019761050878696756
00276-00,0.05629882468364116,0.06279176950819629,0.0,0.0,0.0,0.0,0.4802362017885949,0.2966988669249026,0.052426199100564876
00760-00,0.041835052291844796,0.022755215369641844,0.0,0.0,0.0,0.0,0.3574649034985161,0.19630322697807326,0.04124020828309761
00162-00,0.0,0.029367447007724177,0.0,0.0,0.0,0.0,0.37806348148382796,0.4137874556456386,0.0401103694641934
00692-00,0.011379549670097688,0.07510898230795542,0.0,0.0,0.0,0.0,0.32948891054379403,0.3857228517195392,0.5786228314384124
00352-00,0.0,0.00118589654703374,0.3666666666666646,0.14637096774193517,0.0,0.0,0.38403027570110465,0.13248229944340167,0.0
00093-00,0.02546851592831386,0.031080261953718345,0.0,0.0,0.0,0.0,0.35472093335514465,0.34013108831953487,0.03990600064805917
00034-00,0.0,0.007260645006226618,0.0,0.0,0.0,0.0,0.43626993198873254,0.23278695997254248,0.009500939241345194
00269-00,0.0,0.0037333291074213622,0.2537764350453095,0.2718762520438765,0.0,0.0,0.017554694381331573,0.06970705120319205,0.17183308700093078
00138-00,0.05175859688657333,0.03726990239463943,0.0,0.0,0.0,0.0,0.3825379819195253,0.2016711760227755,0.01773531456762935
00066-00,0.0,0.022373562694705595,0.0,0.0,0.0,0.0,0.44434114050752377,0.018181829173628778,0.006854757267385937
00678-00,0.012155428056695256,0.04285602978211463,0.0,0.0,0.0,0.0,0.40751248624553393,0.2051273416417993,0.06641147326336701
00237-00,0.048621712226780994,0.022477889896504778,0.0,0.0,0.0,0.0,0.33771689139409294,0.2782135626424842,0.1257041516533917
00387-00,0.060523164036668284,0.005970421257393696,0.1336515513125528,0.34674639224643033,0.6,0.5333333333333333,0.3952883085625963,0.583420526343927,0.009278242497256896
00293-00,0.06404506086499348,0.025507340541154444,0.0706806282722563,0.2777557281990652,0.6111111111111112,0.5025641025641026,0.5278425003014593,0.2764664000664521,0.01663180966768687
00582-00,0.0,0.00023374575592981288,0.0,0.33483554712207425,0.0,0.0,0.060967666202462904,0.30605791876253885,0.0
00080-00,0.048621712226780994,0.011935560124822876,0.0,0.0,0.0,0.0,0.6537977962321022,0.47462283978455283,0.0028139998685046304
00323-00,0.0891398057490985,0.011037553830855232,0.0,0.0,0.0,0.0,0.3859503887751473,0.4414130150272685,0.011434444234820963
00538-00,0.0828561589971674,0.2943558983826643,0.054555775456021,0.37409332292724046,0.5842293906810035,0.5152829190904282,0.371795503096642,0.6411880220215744,0.011888949941496496
00038-00,0.0,0.00917815256334576,0.0,0.0,0.0,0.0,0.5226139104733487,0.46259850327903523,0.014054837705300614
00613-00,0.0,0.004320994990973717,0.9127201565557108,0.5266681396376491,0.0,0.0,0.3183629870105026,0.10592111841192177,0.021151203098222805
00609-00,1.0,0.007003128495456485,0.1785507246376494,0.27548854604955575,0.7,0.6,0.4662492031870152,0.3880272545149962,0.004624435280030057
00480-00,0.14793905076464015,0.012356830724492989,0.1568627450980252,0.2545433495979032,0.8055555555555556,0.3,0.3602201558440767,0.17431180266378438,0.09573796184750687
00436-00,0.0356559222996394,0.008756881963675646,0.0,0.0,0.0,0.0,0.2065474529027456,0.3851428046230554,0.18020138483780157
00207-00,0.0,0.007681915605896732,0.1932102984734628,0.1919449160535748,0.0,0.0,0.2224211436665946,0.2575156861992833,0.0426359374619017
00639-00,0.02546851592831386,0.030746150788462736,0.0,0.0,0.0,0.0,0.36524375049993935,0.17101207754059408,0.12980092544236738
00710-00,0.02431085611339051,0.02630630202328742,0.0,0.0,0.0,0.0,0.537923644779025,0.17765912231486577,0.08014579493445426
00517-00,0.0,0.006040412924423527,0.0,0.0,0.0,0.0,0.5631251034746327,0.33366572671980543,0.0
00467-00,0.5707853947508231,0.010727213420439944,0.1363636363636461,0.4153474711270407,0.5777777777777777,0.6333333333333333,0.4177477761077359,0.48380206852070035,0.028792250310196495
00585-00,0.356559222996394,0.004240438544014855,0.1611940298506728,0.24791633231690977,0.0,0.0,0.10169310331003702,0.5027370680564472,0.006642673486385894
00275-00,0.0,0.010246515933669029,0.0,0.0,0.0,0.0,0.2521226748272027,0.16720291901398818,0.06581738947153054
00771-00,0.059063243606859946,0.018261222107330242,0.053527980535281,0.4580671323548648,0.8461538461538461,0.21818181818181814,0.36819875618032566,0.14769385909882604,0.100124143577967
00729-00,0.06976158710799012,0.00756570302667739,1.0,0.0,0.0,0.0,0.11835765056213338,0.07988785539943245,0.019946115196970437
00371-00,0.0,0.004083287442570517,0.1846689895470445,0.3784886135151675,0.0,0.0,0.3003999441001545,0.14382160613712863,0.0021863866214933965
00039-00,0.0,0.0008676325516716783,0.6585365853657811,0.5910372410175715,0.0,0.0,0.8168087976998761,0.3701287912818207,0.0
00534-00,0.0,0.02376415185286431,0.072754268745353,0.21388779126852936,0.5333333333333333,0.5986206896551723,0.2875338534836969,0.39504946651502976,0.0686735993220053
00096-00,0.02674194172472956,0.01911828987907289,0.0,0.0,0.0,0.0,0.5252352762799315,0.3378658844396875,0.014661521347255933
00389-00,0.07131184459927879,0.02511644368378029,0.0,0.0,0.0,0.0,0.6565324244573781,0.25783076087459766,0.03386938736481478
00383-00,0.2674194172472955,0.0008465029918136161,0.1181434599156142,0.2333151853364182,0.0,0.0,0.543630421433095,0.3333811134682642,0.0
00445-00,0.03209033006967547,0.04009466042816412,0.0,0.0,0.0,0.0,0.14773740834086763,0.3759132970396064,0.021513738436712112
00042-00,0.0,0.010142188731869848,0.1060209424083845,0.296602019178442,0.0,0.0,0.5469395175747697,0.41535578431411685,0.028757906919022115
00523-00,0.0,0.008245810734608765,0.0,0.0,0.0,0.0,0.3839463353748736,0.10474426928061546,0.04378907709047183
00544-00,0.06506760894088921,0.09939609076730677,0.2929232247987101,0.26709065477751526,0.40893470790378,0.7242105263157894,0.2311004251986914,0.1916487800170842,0.1601861683988773
00249-00,0.11885307433213133,0.050026874158944475,0.0,0.0,0.0,0.0,0.4188935740045642,0.35034252704085683,0.0778632185284113
00350-00,0.0,0.0013985127431054907,0.6694214876032437,0.34050179211469517,0.0,0.0,0.352089038176763,0.26591401033477485,0.0
00309-00,0.0,0.0052599398071663545,0.0228758169934646,0.2484692353643961,0.0,0.0,0.09344010007228652,0.6829616163676898,0.06884607754298834
00457-00,0.02057072440363812,0.020743945390652548,0.0,0.0,0.0,0.0,0.4282735813116128,0.3204240357979968,0.05257361836152858
00753-00,0.041835052291844796,0.014880492530040292,0.0,0.0,0.0,0.0,0.0816300077090148,0.2772954707938084,0.17701598753692152
00205-00,0.0,0.01328124896828321,0.0862022228246166,0.26930859058850704,0.3809523809523809,0.6085470085470086,0.3122219186210562,0.30351363633572215,0.010517289298327305
00157-00,0.0,0.0034586448292665537,0.0,0.0,0.0,0.0,0.6830592706365894,0.35973820201540396,0.0
00723-00,0.0,0.012754330569322785,0.0,0.0,0.0,0.0,0.2851507280923163,0.45079131985170395,0.0215413060154365
00507-00,0.2233287555619759,0.029730611317784622,0.1103603603603256,0.2430816653346893,0.5171650055370985,0.6076655052264808,0.3796480073867451,0.22026890786695644,0.028994878158731953
00317-00,0.061124438227953264,0.04371573874883953,0.0,0.0,0.0,0.0,0.3030992861396559,0.33341745730112143,0.02552616666567524
00129-00,0.0,0.01233305996965267,0.1102362204723506,0.27938115598453417,0.8666666666666667,0.23999999999999988,0.2463519880098226,0.3160245183887914,0.1633216447324204
00709-00,0.037141585728791046,0.15183305534756145,0.0,0.0,0.0,0.0,0.33916951797084827,0.13179878770326067,0.17963361725325472
00117-00,0.048621712226780994,0.024844400600607743,0.0,0.0,0.0,0.0,0.31387638465420403,0.2515886061440949,0.046771473376662216
00378-00,0.4198437610123482,0.011114148485340708,0.1037131882202378,0.3745519713261646,0.5274725274725275,0.6615384615384615,0.516043704135275,0.19802397756518858,0.005960322870716221
00226-00,0.03146110791144653,0.057818399356604905,0.0,0.0,0.0,0.0,0.4171317230897014,0.4278370606557694,0.18756926753556924
00068-00,0.0,0.006080030849157393,0.0,0.0,0.0,0.0,0.410522290622959,0.2436363832228247,0.0
00551-00,0.14270674316598284,0.19422027302032532,0.0258818226212397,0.2533741165482443,0.4856990109596364,0.6316826265389878,0.3427679872772481,0.370390378198721,0.025457754222026074
00120-00,0.04278710675956728,0.033712212753538216,0.0,0.0,0.0,0.0,0.2661292592781978,0.2159392675513838,0.12190836964133156
00329-00,0.01389191777908029,0.03762778431473536,0.0,0.0,0.0,0.0,0.4029904884931236,0.25409666312162704,0.08136234129114457
00568-00,0.03161988352668009,0.18869093132496867,0.0985767790261769,0.22043561139972812,0.3452765957446808,0.7898695187165775,0.36644816619472736,0.16019005648042917,0.014521508919175474
00766-00,0.06069293737990192,0.028741483796929087,0.4106057570292103,0.2451301231104873,0.782051282051282,0.309090909090909,0.36979885848026534,0.2245699553603397,0.030957830849091875
00364-00,0.0,0.0008768767341095806,0.1244444444444324,0.19516129032258042,0.0,0.0,0.11253091412096716,0.43738237235108635,0.0
00413-00,0.0,0.012282877264989773,0.1234891510120909,0.14036404955809118,0.9,0.19999999999999993,0.35364057205618327,0.10792141383331806,0.10608731539790103
00289-00,0.04501469867904595,0.05517060138689149,0.0773383919451361,0.2716387781402276,0.4493207941483803,0.6761828388131516,0.42766721644466793,0.2908476593699383,0.06482625809483399
00220-00,0.05629882468364116,0.014041913123173448,0.0,0.0,0.0,0.0,0.5664160938546502,0.356672064223322,0.047139728280480214
00424-00,0.05942653716606567,0.020296262841159856,0.0,0.0,0.0,0.0,0.44892576747391527,0.5652085847807657,0.01661920590507901
00412-00,0.0,0.017776562828085943,0.0,0.0,0.0,0.0,0.3043444870032714,0.3151090243606273,0.1729217506377345
00059-00,0.0,0.006061542484281589,0.0,0.0,0.0,0.0,0.3763667749976049,0.11007833098191405,0.0972674720416794
00386-00,0.048621712226780994,0.015577768005356344,0.0,0.0,0.0,0.0,0.4196645261508139,0.3945263457032777,0.010287665516686197
00702-00,0.0,0.0594823521954273,0.0,0.0,0.0,0.0,0.45349466976489733,0.18547044244911215,0.18304193263869156
00565-00,0.05161983212009722,0.18839115569448242,0.0976299358486961,0.3250412257586218,0.3920402178466695,0.7390883626177743,0.23905827829565388,0.26768600289810995,0.10994102641034181
00421-00,0.18513651963274302,0.01703042524559812,0.0,0.0,0.0,0.0,0.2749539339544586,0.16730765757358645,0.08931342860370751
00483-00,0.06976158710799012,0.03188846761828922,0.0,0.0,0.0,0.0,0.3587884501665058,0.3290700501717712,0.063931255327802
00280-00,0.0,0.0019808962366933297,0.6792452830188916,0.21480016230472682,0.6666666666666666,0.7999999999999999,0.3611995743790942,0.2906651819480628,0.01063510224275834
00743-00,0.0,0.004816219050147049,0.1333333333333268,0.26718509984639,0.0,0.0,0.09190749770016295,0.10380959816567278,0.019413394940119177
00555-00,0.2593948728621894,0.13446587774172547,0.1440349175557813,0.2762523944112443,0.4293572044866264,0.6892912975508076,0.30237223187689016,0.21889858788985897,0.06564803447760852
00721-00,0.061124438227953264,0.15511870190549013,0.0,0.0,0.0,0.0,0.40977632120899066,0.37093541012005904,0.19570010470031135
00634-00,0.032414474817854005,0.09295025441310667,0.0,0.0,0.0,0.0,0.33523110375183435,0.35092935533694025,0.009615143546610964
00373-00,0.0,0.0039551894859310155,0.0828220858895764,0.3192822745563688,0.0,0.0,0.11906590062910126,0.25727201193690674,0.027765597425266957
00191-00,0.0996126828685428,0.022987640528080527,0.1006169909824428,0.2816835161171242,0.7333333333333333,0.39999999999999997,0.3139647821811783,0.2612865734862114,0.05235332831799681
00357-00,0.0,9.508301936127982e-05,1.0,0.03872247823860677,0.0,0.0,0.0,0.3813190184049079,0.0
00396-00,0.04374040681515423,0.02966061965075479,0.0709599678671867,0.3352270627794402,0.6666666666666666,0.4347826086956521,0.47124999509824195,0.3503220446389589,0.10112971832439585
00657-00,0.043839248729064834,0.337448315115691,0.0,0.0,0.0,0.0,0.49140068101003276,0.2785725880556462,0.025342081272723423
00308-00,0.0,0.0010168600681692425,0.1098039215686224,0.1977124183006533,0.0,0.0,0.006574617090573299,0.6103830878830491,0.0
00178-00,0.08022582517418864,0.005644233677084861,0.0,0.0,0.0,0.0,0.4304732449059019,0.04466889454170611,0.020422470590394377
00562-00,0.022425115578852947,0.09347453161708484,0.0739778609231748,0.27446349645492457,0.6039132734003173,0.4911475409836065,0.43951705774428423,0.309507950474527,0.10584610106168742
00325-00,0.06685485431182386,0.0021829476528360493,0.1691939345570687,0.3694859934722969,0.0,0.0,0.6303128229773668,0.18164118376299296,0.0
00648-00,0.09124606662428077,0.12515830662424907,0.0324863673279971,0.3421002236868529,0.6135265700483091,0.48484848484848475,0.33412204968074255,0.5648566532318676,0.07641094095591562
00529-00,0.05294820457010471,0.023629450908769167,0.1738559947515229,0.19456378158833607,0.7564102564102564,0.34545454545454546,0.3663014056620897,0.1951597406299678,0.04873616359078901
00772-00,0.041835052291844796,0.011021706660961686,0.0454176804541779,0.3296215629333123,0.5757575757575758,0.6109090909090908,0.17865543232892056,0.14860529533331152,0.290097579036631
00022-00,0.11885307433213133,0.02331911049835388,0.0,0.0,0.0,0.0,0.48553728610431696,0.3461417274458692,0.04830699774266362
00134-00,0.13370970862364778,0.007129905854604858,0.0,0.0,0.0,0.0,0.5174312128565047,0.38160870676624853,0.10632790264010196
00123-00,0.0,0.0027917430962464663,0.0,0.0,0.0,0.0,0.3509712217901346,0.1530138513785662,0.11868097925028943
00651-00,0.02350939931844357,1.0000000000000002,0.0,0.0,0.0,0.0,0.2460494432049383,0.28706807325315026,0.25763793585531714
00326-00,0.032414474817854005,0.06787739044653363,0.0,0.0,0.0,0.0,0.44451301733852405,0.22453780072346766,0.03323178763475571
00089-00,0.25840142398375404,0.00710349390478228,0.0556722689075648,0.43209730128610524,0.8,0.39999999999999997,0.6350939668763756,0.02854052401178825,0.004981529414883423
00570-00,0.46090172123461415,0.07483561862729173,0.1293780513691403,0.312199261584836,0.7192982456140351,0.3764705882352941,0.48391306618265323,0.33230576039755005,0.03835714344358374
00590-00,0.1853942825686932,0.011225078674595533,0.1015719467956206,0.36092908253262396,0.5955882352941176,0.5499999999999999,0.3974502982968833,0.5886645304306287,0.056210242342731614
00643-00,0.0,0.1928428898370779,0.0,0.0,0.0,0.0,0.5784527489573744,0.20294330363378332,0.029818839666198638
00705-00,0.059720213032750685,0.1308012197038428,0.0428357845693831,0.38515193625776784,0.4054054054054054,0.7333333333333334,0.22925506156913167,0.23213024518951156,0.2628314033917174
00476-00,0.05629882468364116,0.03161642453511667,0.0,0.0,0.0,0.0,0.5193354812311034,0.5553972739337509,0.002652161735964735
